요일구분,K,MCS,방문순서,충전소명,station_key,시간대,time_window_start_min,time_window_end_min,time_window_start,time_window_end,arrival_min,arrival_time,service_start_min,service_start,service_end_min,service_end,service_minutes,발생횟수,발생비율_%,duration_for_weight,profit_mode,profit,위도,경도,from_station_key
평일,1,1,1,훈련원공원 노상공영주차장,훈련원공원,06시,392,479,06:32,07:59,392.0,06:32,392.0,06:32,437.0,07:17,45,79,32.0,87.0,ratio_duration,2784.0,37.56692913,127.0043893,청계3_코리아몰앞
평일,1,1,2,기업은행 무교지점 앞 가로등형 충전소,기업은행_무교지점,07시,456,527,07:36,08:47,462.18,07:42,462.18,07:42,507.18,08:27,45,55,22.3,71.0,ratio_duration,1583.3,37.56762877,126.9795662,훈련원공원
평일,1,1,3,훈련원공원 노상공영주차장,훈련원공원,08시,518,583,08:38,09:43,518.2,08:38,518.2,08:38,563.2,09:23,45,114,46.2,65.0,ratio_duration,3003.0,37.56692913,127.0043893,기업은행_무교지점
평일,1,1,4,기업은행 무교지점 앞 가로등형 충전소,기업은행_무교지점,09시,569,624,09:29,10:24,579.0,09:39,579.0,09:39,624.0,10:24,45,61,24.7,55.0,ratio_duration,1358.5,37.56762877,126.9795662,훈련원공원
평일,1,1,5,기업은행 무교지점 앞 가로등형 충전소,기업은행_무교지점,10시,631,687,10:31,11:27,637.98,10:38,637.98,10:38,682.98,11:23,45,114,46.2,56.0,ratio_duration,2587.2000000000003,37.56762877,126.9795662,기업은행_무교지점
평일,1,1,6,훈련원공원 노상공영주차장,훈련원공원,11시,694,737,11:34,12:17,694.0,11:34,694.0,11:34,737.0,12:17,43,126,51.0,43.0,ratio_duration,2193.0,37.56692913,127.0043893,기업은행_무교지점
평일,1,1,7,훈련원공원 노상공영주차장,훈련원공원,12시,748,790,12:28,13:10,748.0,12:28,748.0,12:28,790.0,13:10,42,181,73.3,42.0,ratio_duration,3078.6,37.56692913,127.0043893,훈련원공원
평일,1,1,8,훈련원공원 노상공영주차장,훈련원공원,13시,807,842,13:27,14:02,807.0,13:27,807.0,13:27,842.0,14:02,35,141,57.1,35.0,ratio_duration,1998.5,37.56692913,127.0043893,훈련원공원
평일,1,1,9,훈련원공원 노상공영주차장,훈련원공원,14시,867,899,14:27,14:59,867.0,14:27,867.0,14:27,899.0,14:59,32,139,56.3,32.0,ratio_duration,1801.6,37.56692913,127.0043893,훈련원공원
평일,1,1,10,훈련원공원 노상공영주차장,훈련원공원,15시,933,980,15:33,16:20,935.0,15:35,935.0,15:35,980.0,16:20,45,166,67.2,47.0,ratio_duration,3158.4,37.56692913,127.0043893,훈련원공원
평일,1,1,11,훈련원공원 노상공영주차장,훈련원공원,16시,983,1035,16:23,17:15,990.0,16:30,990.0,16:30,1035.0,17:15,45,113,45.7,52.0,ratio_duration,2376.4,37.56692913,127.0043893,훈련원공원
평일,1,1,12,훈련원공원 노상공영주차장,훈련원공원,17시,1045,1093,17:25,18:13,1048.0,17:28,1048.0,17:28,1093.0,18:13,45,101,40.9,48.0,ratio_duration,1963.1999999999998,37.56692913,127.0043893,훈련원공원
평일,1,1,13,훈련원공원 노상공영주차장,훈련원공원,18시,1110,1156,18:30,19:16,1111.0,18:31,1111.0,18:31,1156.0,19:16,45,101,40.9,46.0,ratio_duration,1881.3999999999999,37.56692913,127.0043893,훈련원공원
평일,1,1,14,훈련원공원 노상공영주차장,훈련원공원,19시,1169,1217,19:29,20:17,1169.2,19:29,1169.2,19:29,1214.2,20:14,45,74,30.0,48.0,ratio_duration,1440.0,37.56692913,127.0043893,훈련원공원
평일,1,1,15,훈련원공원 노상공영주차장,훈련원공원,20시,1228,1273,20:28,21:13,1228.0,20:28,1228.0,20:28,1273.0,21:13,45,68,27.5,45.0,ratio_duration,1237.5,37.56692913,127.0043893,훈련원공원
평일,1,1,16,훈련원공원 노상공영주차장,훈련원공원,21시,1287,1311,21:27,21:51,1287.0,21:27,1287.0,21:27,1311.0,21:51,24,66,26.7,24.0,ratio_duration,640.8,37.56692913,127.0043893,훈련원공원
평일,2,1,1,기업은행 무교지점 앞 가로등형 충전소,기업은행_무교지점,06시,387,447,06:27,07:27,387.0,06:27,387.0,06:27,432.0,07:12,45,41,16.6,60.0,ratio_duration,996.0000000000001,37.56762877,126.9795662,청계3_코리아몰앞
평일,2,1,2,훈련원공원 노상공영주차장,훈련원공원,07시,452,490,07:32,08:10,452.0,07:32,452.0,07:32,490.0,08:10,38,32,13.0,38.0,ratio_duration,494.0,37.56692913,127.0043893,기업은행_무교지점
평일,2,1,3,훈련원공원 노상공영주차장,훈련원공원,08시,518,583,08:38,09:43,518.0,08:38,518.0,08:38,563.0,09:23,45,114,46.2,65.0,ratio_duration,3003.0,37.56692913,127.0043893,훈련원공원
평일,2,1,4,을지로 노상공영주차장(하나은행 앞),을지로_하나은행앞,09시,579,614,09:39,10:14,579.0,09:39,579.0,09:39,614.0,10:14,35,83,33.6,35.0,ratio_duration,1176.0,37.56680167,126.9966063,훈련원공원
평일,2,1,5,을지로 노상공영주차장(하나은행 앞),을지로_하나은행앞,10시,629,662,10:29,11:02,629.0,10:29,629.0,10:29,662.0,11:02,33,94,38.1,33.0,ratio_duration,1257.3,37.56680167,126.9966063,을지로_하나은행앞
평일,2,1,6,훈련원공원 노상공영주차장,훈련원공원,11시,694,737,11:34,12:17,694.0,11:34,694.0,11:34,737.0,12:17,43,126,51.0,43.0,ratio_duration,2193.0,37.56692913,127.0043893,을지로_하나은행앞
평일,2,1,7,훈련원공원 노상공영주차장,훈련원공원,12시,748,790,12:28,13:10,748.0,12:28,748.0,12:28,790.0,13:10,42,181,73.3,42.0,ratio_duration,3078.6,37.56692913,127.0043893,훈련원공원
평일,2,1,8,기업은행 무교지점 앞 가로등형 충전소,기업은행_무교지점,13시,807,853,13:27,14:13,808.0,13:28,808.0,13:28,853.0,14:13,45,86,34.8,45.0,ratio_duration,1565.9999999999998,37.56762877,126.9795662,훈련원공원
평일,2,1,9,을지로 노상공영주차장(하나은행 앞),을지로_하나은행앞,14시,871,903,14:31,15:03,871.0,14:31,871.0,14:31,903.0,15:03,32,125,50.6,32.0,ratio_duration,1619.2,37.56680167,126.9966063,기업은행_무교지점
평일,2,1,10,훈련원공원 노상공영주차장,훈련원공원,15시,933,980,15:33,16:20,935.0,15:35,935.0,15:35,980.0,16:20,45,166,67.2,47.0,ratio_duration,3158.4,37.56692913,127.0043893,을지로_하나은행앞
평일,2,1,11,훈련원공원 노상공영주차장,훈련원공원,16시,983,1035,16:23,17:15,985.2,16:25,985.2,16:25,1030.2,17:10,45,113,45.7,52.0,ratio_duration,2376.4,37.56692913,127.0043893,훈련원공원
평일,2,1,12,기업은행 무교지점 앞 가로등형 충전소,기업은행_무교지점,17시,1046,1081,17:26,18:01,1046.0,17:26,1046.0,17:26,1081.0,18:01,35,59,23.9,35.0,ratio_duration,836.5,37.56762877,126.9795662,훈련원공원
평일,2,1,13,청계3 노상공영주차장(고려상사 앞),청계3_고려상사앞,18시,1113,1159,18:33,19:19,1114.0,18:34,1114.0,18:34,1159.0,19:19,45,52,21.1,46.0,ratio_duration,970.6,37.56822248,127.0018662,기업은행_무교지점
평일,2,1,14,훈련원공원 노상공영주차장,훈련원공원,19시,1169,1217,19:29,20:17,1169.2,19:29,1169.2,19:29,1214.2,20:14,45,74,30.0,48.0,ratio_duration,1440.0,37.56692913,127.0043893,청계3_고려상사앞
평일,2,1,15,청계3 노상공영주차장(코리아몰 앞),청계3_코리아몰앞,20시,1230,1263,20:30,21:03,1230.0,20:30,1230.0,20:30,1263.0,21:03,33,75,30.4,33.0,ratio_duration,1003.1999999999999,37.56896427,127.0020909,훈련원공원
평일,2,1,16,훈련원공원 노상공영주차장,훈련원공원,21시,1287,1311,21:27,21:51,1287.0,21:27,1287.0,21:27,1311.0,21:51,24,66,26.7,24.0,ratio_duration,640.8,37.56692913,127.0043893,청계3_코리아몰앞
평일,2,2,1,을지로 노상공영주차장(하나은행 앞),을지로_하나은행앞,06시,380,412,06:20,06:52,380.0,06:20,380.0,06:20,412.0,06:52,32,42,17.0,32.0,ratio_duration,544.0,37.56680167,126.9966063,청계3_코리아몰앞
평일,2,2,2,훈련원공원 노상공영주차장,훈련원공원,06시,392,479,06:32,07:59,419.25,06:59,419.25,06:59,464.25,07:44,45,79,32.0,87.0,ratio_duration,2784.0,37.56692913,127.0043893,을지로_하나은행앞
평일,2,2,3,기업은행 무교지점 앞 가로등형 충전소,기업은행_무교지점,07시,456,527,07:36,08:47,480.05,08:00,480.05,08:00,525.05,08:45,45,55,22.3,71.0,ratio_duration,1583.3,37.56762877,126.9795662,훈련원공원
평일,2,2,4,기업은행 무교지점 앞 가로등형 충전소,기업은행_무교지점,08시,511,589,08:31,09:49,525.05,08:45,525.05,08:45,570.05,09:30,45,67,27.1,78.0,ratio_duration,2113.8,37.56762877,126.9795662,기업은행_무교지점
평일,2,2,5,기업은행 무교지점 앞 가로등형 충전소,기업은행_무교지점,09시,569,624,09:29,10:24,570.95,09:31,570.95,09:31,615.95,10:16,45,61,24.7,55.0,ratio_duration,1358.5,37.56762877,126.9795662,기업은행_무교지점
평일,2,2,6,기업은행 무교지점 앞 가로등형 충전소,기업은행_무교지점,10시,631,687,10:31,11:27,641.87,10:42,641.87,10:42,686.87,11:27,45,114,46.2,56.0,ratio_duration,2587.2000000000003,37.56762877,126.9795662,기업은행_무교지점
평일,2,2,7,기업은행 무교지점 앞 가로등형 충전소,기업은행_무교지점,11시,694,746,11:34,12:26,701.0,11:41,701.0,11:41,746.0,12:26,45,97,39.3,52.0,ratio_duration,2043.6,37.56762877,126.9795662,기업은행_무교지점
평일,2,2,8,기업은행 무교지점 앞 가로등형 충전소,기업은행_무교지점,12시,748,790,12:28,13:10,748.0,12:28,748.0,12:28,790.0,13:10,42,128,51.8,42.0,ratio_duration,2175.6,37.56762877,126.9795662,기업은행_무교지점
평일,2,2,9,훈련원공원 노상공영주차장,훈련원공원,13시,807,842,13:27,14:02,807.0,13:27,807.0,13:27,842.0,14:02,35,141,57.1,35.0,ratio_duration,1998.5,37.56692913,127.0043893,기업은행_무교지점
평일,2,2,10,훈련원공원 노상공영주차장,훈련원공원,14시,867,899,14:27,14:59,867.0,14:27,867.0,14:27,899.0,14:59,32,139,56.3,32.0,ratio_duration,1801.6,37.56692913,127.0043893,훈련원공원
평일,2,2,11,청계3 노상공영주차장(코리아몰 앞),청계3_코리아몰앞,15시,928,958,15:28,15:58,928.0,15:28,928.0,15:28,958.0,15:58,30,108,43.7,30.0,ratio_duration,1311.0,37.56896427,127.0020909,훈련원공원
평일,2,2,12,을지로 노상공영주차장(하나은행 앞),을지로_하나은행앞,16시,988,1022,16:28,17:02,989.0,16:29,989.0,16:29,1022.0,17:02,33,100,40.5,33.0,ratio_duration,1336.5,37.56680167,126.9966063,청계3_코리아몰앞
평일,2,2,13,훈련원공원 노상공영주차장,훈련원공원,17시,1045,1093,17:25,18:13,1048.0,17:28,1048.0,17:28,1093.0,18:13,45,101,40.9,48.0,ratio_duration,1963.1999999999998,37.56692913,127.0043893,을지로_하나은행앞
평일,2,2,14,훈련원공원 노상공영주차장,훈련원공원,18시,1110,1156,18:30,19:16,1111.0,18:31,1111.0,18:31,1156.0,19:16,45,101,40.9,46.0,ratio_duration,1881.3999999999999,37.56692913,127.0043893,훈련원공원
평일,2,2,15,청계3 노상공영주차장(코리아몰 앞),청계3_코리아몰앞,19시,1172,1213,19:32,20:13,1172.0,19:32,1172.0,19:32,1213.0,20:13,41,67,27.1,41.0,ratio_duration,1111.1000000000001,37.56896427,127.0020909,훈련원공원
평일,2,2,16,훈련원공원 노상공영주차장,훈련원공원,20시,1228,1273,20:28,21:13,1228.0,20:28,1228.0,20:28,1273.0,21:13,45,68,27.5,45.0,ratio_duration,1237.5,37.56692913,127.0043893,청계3_코리아몰앞
평일,2,2,17,청계3 노상공영주차장(코리아몰 앞),청계3_코리아몰앞,21시,1281,1305,21:21,21:45,1281.0,21:21,1281.0,21:21,1305.0,21:45,24,41,16.6,24.0,ratio_duration,398.40000000000003,37.56896427,127.0020909,훈련원공원
평일,3,1,1,청계3 노상공영주차장(코리아몰 앞),청계3_코리아몰앞,06시,384,446,06:24,07:26,384.0,06:24,384.0,06:24,429.0,07:09,45,21,8.5,62.0,ratio_duration,527.0,37.56896427,127.0020909,청계3_코리아몰앞
평일,3,1,2,훈련원공원 노상공영주차장,훈련원공원,07시,452,490,07:32,08:10,452.0,07:32,452.0,07:32,490.0,08:10,38,32,13.0,38.0,ratio_duration,494.0,37.56692913,127.0043893,청계3_코리아몰앞
평일,3,1,3,을지로 노상공영주차장(하나은행 앞),을지로_하나은행앞,08시,516,549,08:36,09:09,516.0,08:36,516.0,08:36,549.0,09:09,33,48,19.4,33.0,ratio_duration,640.1999999999999,37.56680167,126.9966063,훈련원공원
평일,3,1,4,훈련원공원 노상공영주차장,훈련원공원,09시,557,607,09:17,10:07,562.0,09:22,562.0,09:22,607.0,10:07,45,126,51.0,49.0,ratio_duration,2499.0,37.56692913,127.0043893,을지로_하나은행앞
평일,3,1,5,을지로 노상공영주차장(하나은행 앞),을지로_하나은행앞,10시,629,662,10:29,11:02,629.0,10:29,629.0,10:29,662.0,11:02,33,94,38.1,33.0,ratio_duration,1257.3,37.56680167,126.9966063,훈련원공원
평일,3,1,6,훈련원공원 노상공영주차장,훈련원공원,11시,694,737,11:34,12:17,694.0,11:34,694.0,11:34,737.0,12:17,43,126,51.0,43.0,ratio_duration,2193.0,37.56692913,127.0043893,을지로_하나은행앞
평일,3,1,7,청계3 노상공영주차장(코리아몰 앞),청계3_코리아몰앞,12시,753,790,12:33,13:10,753.0,12:33,753.0,12:33,790.0,13:10,37,121,49.0,37.0,ratio_duration,1813.0,37.56896427,127.0020909,훈련원공원
평일,3,1,8,훈련원공원 노상공영주차장,훈련원공원,13시,807,842,13:27,14:02,807.0,13:27,807.0,13:27,842.0,14:02,35,141,57.1,35.0,ratio_duration,1998.5,37.56692913,127.0043893,청계3_코리아몰앞
평일,3,1,9,청계3 노상공영주차장(코리아몰 앞),청계3_코리아몰앞,14시,874,902,14:34,15:02,874.0,14:34,874.0,14:34,902.0,15:02,28,121,49.0,28.0,ratio_duration,1372.0,37.56896427,127.0020909,훈련원공원
평일,3,1,10,훈련원공원 노상공영주차장,훈련원공원,15시,933,980,15:33,16:20,933.15,15:33,933.15,15:33,978.15,16:18,45,166,67.2,47.0,ratio_duration,3158.4,37.56692913,127.0043893,청계3_코리아몰앞
평일,3,1,11,을지로 노상공영주차장(하나은행 앞),을지로_하나은행앞,16시,988,1022,16:28,17:02,989.0,16:29,989.0,16:29,1022.0,17:02,33,100,40.5,33.0,ratio_duration,1336.5,37.56680167,126.9966063,훈련원공원
평일,3,1,12,기업은행 무교지점 앞 가로등형 충전소,기업은행_무교지점,17시,1046,1081,17:26,18:01,1046.0,17:26,1046.0,17:26,1081.0,18:01,35,59,23.9,35.0,ratio_duration,836.5,37.56762877,126.9795662,을지로_하나은행앞
평일,3,1,13,청계3 노상공영주차장(고려상사 앞),청계3_고려상사앞,18시,1113,1159,18:33,19:19,1114.0,18:34,1114.0,18:34,1159.0,19:19,45,52,21.1,46.0,ratio_duration,970.6,37.56822248,127.0018662,기업은행_무교지점
평일,3,1,14,청계3 노상공영주차장(코리아몰 앞),청계3_코리아몰앞,19시,1172,1213,19:32,20:13,1172.0,19:32,1172.0,19:32,1213.0,20:13,41,67,27.1,41.0,ratio_duration,1111.1000000000001,37.56896427,127.0020909,청계3_고려상사앞
평일,3,1,15,훈련원공원 노상공영주차장,훈련원공원,20시,1228,1273,20:28,21:13,1228.0,20:28,1228.0,20:28,1273.0,21:13,45,68,27.5,45.0,ratio_duration,1237.5,37.56692913,127.0043893,청계3_코리아몰앞
평일,3,1,16,훈련원공원 노상공영주차장,훈련원공원,21시,1287,1311,21:27,21:51,1287.0,21:27,1287.0,21:27,1311.0,21:51,24,66,26.7,24.0,ratio_duration,640.8,37.56692913,127.0043893,훈련원공원
평일,3,2,1,을지로 노상공영주차장(하나은행 앞),을지로_하나은행앞,06시,380,412,06:20,06:52,380.0,06:20,380.0,06:20,412.0,06:52,32,42,17.0,32.0,ratio_duration,544.0,37.56680167,126.9966063,청계3_코리아몰앞
평일,3,2,2,훈련원공원 노상공영주차장,훈련원공원,06시,392,479,06:32,07:59,419.25,06:59,419.25,06:59,464.25,07:44,45,79,32.0,87.0,ratio_duration,2784.0,37.56692913,127.0043893,을지로_하나은행앞
평일,3,2,3,기업은행 무교지점 앞 가로등형 충전소,기업은행_무교지점,07시,456,527,07:36,08:47,480.05,08:00,480.05,08:00,525.05,08:45,45,55,22.3,71.0,ratio_duration,1583.3,37.56762877,126.9795662,훈련원공원
평일,3,2,4,기업은행 무교지점 앞 가로등형 충전소,기업은행_무교지점,08시,511,589,08:31,09:49,525.95,08:46,525.95,08:46,570.95,09:31,45,67,27.1,78.0,ratio_duration,2113.8,37.56762877,126.9795662,기업은행_무교지점
평일,3,2,5,기업은행 무교지점 앞 가로등형 충전소,기업은행_무교지점,09시,569,624,09:29,10:24,570.95,09:31,570.95,09:31,615.95,10:16,45,61,24.7,55.0,ratio_duration,1358.5,37.56762877,126.9795662,기업은행_무교지점
평일,3,2,6,훈련원공원 노상공영주차장,훈련원공원,10시,636,672,10:36,11:12,636.0,10:36,636.0,10:36,672.0,11:12,36,86,34.8,36.0,ratio_duration,1252.8,37.56692913,127.0043893,기업은행_무교지점
평일,3,2,7,청계3 노상공영주차장(코리아몰 앞),청계3_코리아몰앞,11시,690,738,11:30,12:18,693.0,11:33,693.0,11:33,738.0,12:18,45,107,43.3,48.0,ratio_duration,2078.3999999999996,37.56896427,127.0020909,훈련원공원
평일,3,2,8,훈련원공원 노상공영주차장,훈련원공원,12시,748,790,12:28,13:10,748.0,12:28,748.0,12:28,790.0,13:10,42,181,73.3,42.0,ratio_duration,3078.6,37.56692913,127.0043893,청계3_코리아몰앞
평일,3,2,9,청계3 노상공영주차장(코리아몰 앞),청계3_코리아몰앞,13시,805,836,13:25,13:56,805.0,13:25,805.0,13:25,836.0,13:56,31,112,45.3,31.0,ratio_duration,1404.3,37.56896427,127.0020909,훈련원공원
평일,3,2,10,훈련원공원 노상공영주차장,훈련원공원,14시,867,899,14:27,14:59,867.0,14:27,867.0,14:27,899.0,14:59,32,139,56.3,32.0,ratio_duration,1801.6,37.56692913,127.0043893,청계3_코리아몰앞
평일,3,2,11,청계3 노상공영주차장(코리아몰 앞),청계3_코리아몰앞,15시,928,958,15:28,15:58,928.0,15:28,928.0,15:28,958.0,15:58,30,108,43.7,30.0,ratio_duration,1311.0,37.56896427,127.0020909,훈련원공원
평일,3,2,12,기업은행 무교지점 앞 가로등형 충전소,기업은행_무교지점,16시,990,1035,16:30,17:15,990.0,16:30,990.0,16:30,1035.0,17:15,45,64,25.9,45.0,ratio_duration,1165.5,37.56762877,126.9795662,청계3_코리아몰앞
평일,3,2,13,훈련원공원 노상공영주차장,훈련원공원,17시,1045,1093,17:25,18:13,1048.0,17:28,1048.0,17:28,1093.0,18:13,45,101,40.9,48.0,ratio_duration,1963.1999999999998,37.56692913,127.0043893,기업은행_무교지점
평일,3,2,14,청계3 노상공영주차장(코리아몰 앞),청계3_코리아몰앞,18시,1105,1135,18:25,18:55,1105.0,18:25,1105.0,18:25,1135.0,18:55,30,69,27.9,30.0,ratio_duration,837.0,37.56896427,127.0020909,훈련원공원
평일,3,2,15,훈련원공원 노상공영주차장,훈련원공원,19시,1169,1217,19:29,20:17,1169.2,19:29,1169.2,19:29,1214.2,20:14,45,74,30.0,48.0,ratio_duration,1440.0,37.56692913,127.0043893,청계3_코리아몰앞
평일,3,2,16,을지로 노상공영주차장(신한은행 앞),을지로_신한은행앞,20시,1223,1251,20:23,20:51,1223.0,20:23,1223.0,20:23,1251.0,20:51,28,74,30.0,28.0,ratio_duration,840.0,37.56710245,127.0017882,훈련원공원
평일,3,2,17,청계3 노상공영주차장(코리아몰 앞),청계3_코리아몰앞,21시,1281,1305,21:21,21:45,1281.0,21:21,1281.0,21:21,1305.0,21:45,24,41,16.6,24.0,ratio_duration,398.40000000000003,37.56896427,127.0020909,을지로_신한은행앞
평일,3,3,1,기업은행 무교지점 앞 가로등형 충전소,기업은행_무교지점,06시,387,447,06:27,07:27,387.0,06:27,387.0,06:27,432.0,07:12,45,41,16.6,60.0,ratio_duration,996.0000000000001,37.56762877,126.9795662,청계3_코리아몰앞
평일,3,3,2,을지로 노상공영주차장(하나은행 앞),을지로_하나은행앞,07시,453,479,07:33,07:59,454.0,07:34,454.0,07:34,479.0,07:59,25,32,13.0,25.0,ratio_duration,325.0,37.56680167,126.9966063,기업은행_무교지점
평일,3,3,3,훈련원공원 노상공영주차장,훈련원공원,08시,518,583,08:38,09:43,532.35,08:52,532.35,08:52,577.35,09:37,45,114,46.2,65.0,ratio_duration,3003.0,37.56692913,127.0043893,을지로_하나은행앞
평일,3,3,4,을지로 노상공영주차장(하나은행 앞),을지로_하나은행앞,09시,579,614,09:39,10:14,579.0,09:39,579.0,09:39,614.0,10:14,35,83,33.6,35.0,ratio_duration,1176.0,37.56680167,126.9966063,훈련원공원
평일,3,3,5,기업은행 무교지점 앞 가로등형 충전소,기업은행_무교지점,10시,631,687,10:31,11:27,634.57,10:35,634.57,10:35,679.57,11:20,45,114,46.2,56.0,ratio_duration,2587.2000000000003,37.56762877,126.9795662,을지로_하나은행앞
평일,3,3,6,기업은행 무교지점 앞 가로등형 충전소,기업은행_무교지점,11시,694,746,11:34,12:26,694.95,11:35,694.95,11:35,739.95,12:20,45,97,39.3,52.0,ratio_duration,2043.6,37.56762877,126.9795662,기업은행_무교지점
평일,3,3,7,기업은행 무교지점 앞 가로등형 충전소,기업은행_무교지점,12시,748,790,12:28,13:10,748.0,12:28,748.0,12:28,790.0,13:10,42,128,51.8,42.0,ratio_duration,2175.6,37.56762877,126.9795662,기업은행_무교지점
평일,3,3,8,기업은행 무교지점 앞 가로등형 충전소,기업은행_무교지점,13시,807,853,13:27,14:13,808.0,13:28,808.0,13:28,853.0,14:13,45,86,34.8,45.0,ratio_duration,1565.9999999999998,37.56762877,126.9795662,기업은행_무교지점
평일,3,3,9,을지로 노상공영주차장(하나은행 앞),을지로_하나은행앞,14시,871,903,14:31,15:03,871.0,14:31,871.0,14:31,903.0,15:03,32,125,50.6,32.0,ratio_duration,1619.2,37.56680167,126.9966063,기업은행_무교지점
평일,3,3,10,기업은행 무교지점 앞 가로등형 충전소,기업은행_무교지점,15시,927,968,15:27,16:08,927.0,15:27,927.0,15:27,968.0,16:08,41,78,31.6,41.0,ratio_duration,1295.6000000000001,37.56762877,126.9795662,을지로_하나은행앞
평일,3,3,11,훈련원공원 노상공영주차장,훈련원공원,16시,983,1035,16:23,17:15,990.0,16:30,990.0,16:30,1035.0,17:15,45,113,45.7,52.0,ratio_duration,2376.4,37.56692913,127.0043893,기업은행_무교지점
평일,3,3,12,청계3 노상공영주차장(코리아몰 앞),청계3_코리아몰앞,17시,1048,1080,17:28,18:00,1048.0,17:28,1048.0,17:28,1080.0,18:00,32,64,25.9,32.0,ratio_duration,828.8,37.56896427,127.0020909,훈련원공원
평일,3,3,13,훈련원공원 노상공영주차장,훈련원공원,18시,1110,1156,18:30,19:16,1111.0,18:31,1111.0,18:31,1156.0,19:16,45,101,40.9,46.0,ratio_duration,1881.3999999999999,37.56692913,127.0043893,청계3_코리아몰앞
평일,3,3,14,을지로 노상공영주차장(하나은행 앞),을지로_하나은행앞,19시,1176,1218,19:36,20:18,1177.0,19:37,1177.0,19:37,1218.0,20:18,41,64,25.9,41.0,ratio_duration,1061.8999999999999,37.56680167,126.9966063,훈련원공원
평일,3,3,15,청계3 노상공영주차장(코리아몰 앞),청계3_코리아몰앞,20시,1230,1263,20:30,21:03,1230.0,20:30,1230.0,20:30,1263.0,21:03,33,75,30.4,33.0,ratio_duration,1003.1999999999999,37.56896427,127.0020909,을지로_하나은행앞
평일,3,3,16,을지로 노상공영주차장(하나은행 앞),을지로_하나은행앞,21시,1283,1305,21:23,21:45,1283.0,21:23,1283.0,21:23,1305.0,21:45,22,39,15.8,22.0,ratio_duration,347.6,37.56680167,126.9966063,청계3_코리아몰앞
평일,4,1,1,을지로 노상공영주차장(신한은행 앞),을지로_신한은행앞,06시,393,448,06:33,07:28,393.0,06:33,393.0,06:33,438.0,07:18,45,21,8.5,55.0,ratio_duration,467.5,37.56710245,127.0017882,청계3_코리아몰앞
평일,4,1,2,을지로 노상공영주차장(하나은행 앞),을지로_하나은행앞,07시,453,479,07:33,07:59,454.0,07:34,454.0,07:34,479.0,07:59,25,32,13.0,25.0,ratio_duration,325.0,37.56680167,126.9966063,을지로_신한은행앞
평일,4,1,3,훈련원공원 노상공영주차장,훈련원공원,08시,518,583,08:38,09:43,518.0,08:38,518.0,08:38,563.0,09:23,45,114,46.2,65.0,ratio_duration,3003.0,37.56692913,127.0043893,을지로_하나은행앞
평일,4,1,4,을지로 노상공영주차장(하나은행 앞),을지로_하나은행앞,09시,579,614,09:39,10:14,579.0,09:39,579.0,09:39,614.0,10:14,35,83,33.6,35.0,ratio_duration,1176.0,37.56680167,126.9966063,훈련원공원
평일,4,1,5,청계3 노상공영주차장(코리아몰 앞),청계3_코리아몰앞,10시,630,662,10:30,11:02,630.0,10:30,630.0,10:30,662.0,11:02,32,81,32.8,32.0,ratio_duration,1049.6,37.56896427,127.0020909,을지로_하나은행앞
평일,4,1,6,청계3 노상공영주차장(코리아몰 앞),청계3_코리아몰앞,11시,690,738,11:30,12:18,693.0,11:33,693.0,11:33,738.0,12:18,45,107,43.3,48.0,ratio_duration,2078.3999999999996,37.56896427,127.0020909,청계3_코리아몰앞
평일,4,1,7,청계3 노상공영주차장(코리아몰 앞),청계3_코리아몰앞,12시,753,790,12:33,13:10,753.0,12:33,753.0,12:33,790.0,13:10,37,121,49.0,37.0,ratio_duration,1813.0,37.56896427,127.0020909,청계3_코리아몰앞
평일,4,1,8,을지로 노상공영주차장(하나은행 앞),을지로_하나은행앞,13시,806,834,13:26,13:54,806.0,13:26,806.0,13:26,834.0,13:54,28,109,44.1,28.0,ratio_duration,1234.8,37.56680167,126.9966063,청계3_코리아몰앞
평일,4,1,9,훈련원공원 노상공영주차장,훈련원공원,14시,867,899,14:27,14:59,867.0,14:27,867.0,14:27,899.0,14:59,32,139,56.3,32.0,ratio_duration,1801.6,37.56692913,127.0043893,을지로_하나은행앞
평일,4,1,10,기업은행 무교지점 앞 가로등형 충전소,기업은행_무교지점,15시,927,968,15:27,16:08,927.0,15:27,927.0,15:27,968.0,16:08,41,78,31.6,41.0,ratio_duration,1295.6000000000001,37.56762877,126.9795662,훈련원공원
평일,4,1,11,기업은행 무교지점 앞 가로등형 충전소,기업은행_무교지점,16시,990,1035,16:30,17:15,990.0,16:30,990.0,16:30,1035.0,17:15,45,64,25.9,45.0,ratio_duration,1165.5,37.56762877,126.9795662,기업은행_무교지점
평일,4,1,12,기업은행 무교지점 앞 가로등형 충전소,기업은행_무교지점,17시,1046,1081,17:26,18:01,1046.0,17:26,1046.0,17:26,1081.0,18:01,35,59,23.9,35.0,ratio_duration,836.5,37.56762877,126.9795662,기업은행_무교지점
평일,4,1,13,을지로 노상공영주차장(하나은행 앞),을지로_하나은행앞,18시,1107,1145,18:27,19:05,1107.0,18:27,1107.0,18:27,1145.0,19:05,38,54,21.9,38.0,ratio_duration,832.1999999999999,37.56680167,126.9966063,기업은행_무교지점
평일,4,1,14,청계3 노상공영주차장(코리아몰 앞),청계3_코리아몰앞,19시,1172,1213,19:32,20:13,1172.0,19:32,1172.0,19:32,1213.0,20:13,41,67,27.1,41.0,ratio_duration,1111.1000000000001,37.56896427,127.0020909,을지로_하나은행앞
평일,4,1,15,을지로 노상공영주차장(신한은행 앞),을지로_신한은행앞,20시,1223,1251,20:23,20:51,1223.0,20:23,1223.0,20:23,1251.0,20:51,28,74,30.0,28.0,ratio_duration,840.0,37.56710245,127.0017882,청계3_코리아몰앞
평일,4,1,16,훈련원공원 노상공영주차장,훈련원공원,21시,1287,1311,21:27,21:51,1287.0,21:27,1287.0,21:27,1311.0,21:51,24,66,26.7,24.0,ratio_duration,640.8,37.56692913,127.0043893,을지로_신한은행앞
평일,4,2,1,을지로 노상공영주차장(하나은행 앞),을지로_하나은행앞,06시,380,412,06:20,06:52,380.0,06:20,380.0,06:20,412.0,06:52,32,42,17.0,32.0,ratio_duration,544.0,37.56680167,126.9966063,청계3_코리아몰앞
평일,4,2,2,훈련원공원 노상공영주차장,훈련원공원,06시,392,479,06:32,07:59,419.25,06:59,419.25,06:59,464.25,07:44,45,79,32.0,87.0,ratio_duration,2784.0,37.56692913,127.0043893,을지로_하나은행앞
평일,4,2,3,기업은행 무교지점 앞 가로등형 충전소,기업은행_무교지점,07시,456,527,07:36,08:47,480.05,08:00,480.05,08:00,525.05,08:45,45,55,22.3,71.0,ratio_duration,1583.3,37.56762877,126.9795662,훈련원공원
평일,4,2,4,기업은행 무교지점 앞 가로등형 충전소,기업은행_무교지점,08시,511,589,08:31,09:49,525.05,08:45,525.05,08:45,570.05,09:30,45,67,27.1,78.0,ratio_duration,2113.8,37.56762877,126.9795662,기업은행_무교지점
평일,4,2,5,기업은행 무교지점 앞 가로등형 충전소,기업은행_무교지점,09시,569,624,09:29,10:24,570.95,09:31,570.95,09:31,615.95,10:16,45,61,24.7,55.0,ratio_duration,1358.5,37.56762877,126.9795662,기업은행_무교지점
평일,4,2,6,훈련원공원 노상공영주차장,훈련원공원,10시,636,672,10:36,11:12,636.0,10:36,636.0,10:36,672.0,11:12,36,86,34.8,36.0,ratio_duration,1252.8,37.56692913,127.0043893,기업은행_무교지점
평일,4,2,7,훈련원공원 노상공영주차장,훈련원공원,11시,694,737,11:34,12:17,694.0,11:34,694.0,11:34,737.0,12:17,43,126,51.0,43.0,ratio_duration,2193.0,37.56692913,127.0043893,훈련원공원
평일,4,2,8,훈련원공원 노상공영주차장,훈련원공원,12시,748,790,12:28,13:10,748.0,12:28,748.0,12:28,790.0,13:10,42,181,73.3,42.0,ratio_duration,3078.6,37.56692913,127.0043893,훈련원공원
평일,4,2,9,훈련원공원 노상공영주차장,훈련원공원,13시,807,842,13:27,14:02,807.0,13:27,807.0,13:27,842.0,14:02,35,141,57.1,35.0,ratio_duration,1998.5,37.56692913,127.0043893,훈련원공원
평일,4,2,10,기업은행 무교지점 앞 가로등형 충전소,기업은행_무교지점,14시,871,900,14:31,15:00,872.0,14:32,872.0,14:32,900.0,15:00,28,112,45.3,28.0,ratio_duration,1268.3999999999999,37.56762877,126.9795662,훈련원공원
평일,4,2,11,훈련원공원 노상공영주차장,훈련원공원,15시,933,980,15:33,16:20,935.0,15:35,935.0,15:35,980.0,16:20,45,166,67.2,47.0,ratio_duration,3158.4,37.56692913,127.0043893,기업은행_무교지점
평일,4,2,12,을지로 노상공영주차장(하나은행 앞),을지로_하나은행앞,16시,988,1022,16:28,17:02,989.0,16:29,989.0,16:29,1022.0,17:02,33,100,40.5,33.0,ratio_duration,1336.5,37.56680167,126.9966063,훈련원공원
평일,4,2,13,을지로 노상공영주차장(하나은행 앞),을지로_하나은행앞,17시,1052,1082,17:32,18:02,1052.0,17:32,1052.0,17:32,1082.0,18:02,30,68,27.5,30.0,ratio_duration,825.0,37.56680167,126.9966063,을지로_하나은행앞
평일,4,2,14,훈련원공원 노상공영주차장,훈련원공원,18시,1110,1156,18:30,19:16,1111.0,18:31,1111.0,18:31,1156.0,19:16,45,101,40.9,46.0,ratio_duration,1881.3999999999999,37.56692913,127.0043893,을지로_하나은행앞
평일,4,2,15,기업은행 무교지점 앞 가로등형 충전소,기업은행_무교지점,19시,1180,1214,19:40,20:14,1180.0,19:40,1180.0,19:40,1214.0,20:14,34,64,25.9,34.0,ratio_duration,880.5999999999999,37.56762877,126.9795662,훈련원공원
평일,4,2,16,훈련원공원 노상공영주차장,훈련원공원,20시,1228,1273,20:28,21:13,1228.0,20:28,1228.0,20:28,1273.0,21:13,45,68,27.5,45.0,ratio_duration,1237.5,37.56692913,127.0043893,기업은행_무교지점
평일,4,2,17,을지로 노상공영주차장(하나은행 앞),을지로_하나은행앞,21시,1283,1305,21:23,21:45,1283.0,21:23,1283.0,21:23,1305.0,21:45,22,39,15.8,22.0,ratio_duration,347.6,37.56680167,126.9966063,훈련원공원
평일,4,3,1,청계3 노상공영주차장(코리아몰 앞),청계3_코리아몰앞,06시,384,446,06:24,07:26,384.0,06:24,384.0,06:24,429.0,07:09,45,21,8.5,62.0,ratio_duration,527.0,37.56896427,127.0020909,청계3_코리아몰앞
평일,4,3,2,훈련원공원 노상공영주차장,훈련원공원,07시,452,490,07:32,08:10,452.0,07:32,452.0,07:32,490.0,08:10,38,32,13.0,38.0,ratio_duration,494.0,37.56692913,127.0043893,청계3_코리아몰앞
평일,4,3,3,을지로 노상공영주차장(하나은행 앞),을지로_하나은행앞,08시,516,549,08:36,09:09,516.0,08:36,516.0,08:36,549.0,09:09,33,48,19.4,33.0,ratio_duration,640.1999999999999,37.56680167,126.9966063,훈련원공원
평일,4,3,4,청계3 노상공영주차장(코리아몰 앞),청계3_코리아몰앞,09시,569,599,09:29,09:59,569.0,09:29,569.0,09:29,599.0,09:59,30,86,34.8,30.0,ratio_duration,1044.0,37.56896427,127.0020909,을지로_하나은행앞
평일,4,3,5,을지로 노상공영주차장(하나은행 앞),을지로_하나은행앞,10시,629,662,10:29,11:02,629.0,10:29,629.0,10:29,662.0,11:02,33,94,38.1,33.0,ratio_duration,1257.3,37.56680167,126.9966063,청계3_코리아몰앞
평일,4,3,6,을지로 노상공영주차장(하나은행 앞),을지로_하나은행앞,11시,687,718,11:27,11:58,687.0,11:27,687.0,11:27,718.0,11:58,31,122,49.4,31.0,ratio_duration,1531.3999999999999,37.56680167,126.9966063,을지로_하나은행앞
평일,4,3,7,서울시 본관청사,서울시_본관청사,12시,738,743,12:18,12:23,738.0,12:18,738.0,12:18,743.0,12:23,5,2,0.8,5.0,ratio_duration,4.0,37.56637078,126.9779184,을지로_하나은행앞
평일,4,3,8,기업은행 무교지점 앞 가로등형 충전소,기업은행_무교지점,12시,748,790,12:28,13:10,748.0,12:28,748.0,12:28,790.0,13:10,42,128,51.8,42.0,ratio_duration,2175.6,37.56762877,126.9795662,서울시_본관청사
평일,4,3,9,기업은행 무교지점 앞 가로등형 충전소,기업은행_무교지점,13시,807,853,13:27,14:13,808.0,13:28,808.0,13:28,853.0,14:13,45,86,34.8,45.0,ratio_duration,1565.9999999999998,37.56762877,126.9795662,기업은행_무교지점
평일,4,3,10,을지로 노상공영주차장(하나은행 앞),을지로_하나은행앞,14시,871,903,14:31,15:03,871.0,14:31,871.0,14:31,903.0,15:03,32,125,50.6,32.0,ratio_duration,1619.2,37.56680167,126.9966063,기업은행_무교지점
평일,4,3,11,을지로 노상공영주차장(하나은행 앞),을지로_하나은행앞,15시,929,959,15:29,15:59,929.0,15:29,929.0,15:29,959.0,15:59,30,89,36.0,30.0,ratio_duration,1080.0,37.56680167,126.9966063,을지로_하나은행앞
평일,4,3,12,훈련원공원 노상공영주차장,훈련원공원,16시,983,1035,16:23,17:15,985.2,16:25,985.2,16:25,1030.2,17:10,45,113,45.7,52.0,ratio_duration,2376.4,37.56692913,127.0043893,을지로_하나은행앞
평일,4,3,13,훈련원공원 노상공영주차장,훈련원공원,17시,1045,1093,17:25,18:13,1048.0,17:28,1048.0,17:28,1093.0,18:13,45,101,40.9,48.0,ratio_duration,1963.1999999999998,37.56692913,127.0043893,훈련원공원
평일,4,3,14,청계3 노상공영주차장(코리아몰 앞),청계3_코리아몰앞,18시,1105,1135,18:25,18:55,1105.0,18:25,1105.0,18:25,1135.0,18:55,30,69,27.9,30.0,ratio_duration,837.0,37.56896427,127.0020909,훈련원공원
평일,4,3,15,훈련원공원 노상공영주차장,훈련원공원,19시,1169,1217,19:29,20:17,1169.2,19:29,1169.2,19:29,1214.2,20:14,45,74,30.0,48.0,ratio_duration,1440.0,37.56692913,127.0043893,청계3_코리아몰앞
평일,4,3,16,을지로 노상공영주차장(하나은행 앞),을지로_하나은행앞,20시,1230,1259,20:30,20:59,1230.0,20:30,1230.0,20:30,1259.0,20:59,29,71,28.7,29.0,ratio_duration,832.3,37.56680167,126.9966063,훈련원공원
평일,4,3,17,청계3 노상공영주차장(코리아몰 앞),청계3_코리아몰앞,21시,1281,1305,21:21,21:45,1281.0,21:21,1281.0,21:21,1305.0,21:45,24,41,16.6,24.0,ratio_duration,398.40000000000003,37.56896427,127.0020909,을지로_하나은행앞
평일,4,4,1,기업은행 무교지점 앞 가로등형 충전소,기업은행_무교지점,06시,387,447,06:27,07:27,387.0,06:27,387.0,06:27,432.0,07:12,45,41,16.6,60.0,ratio_duration,996.0000000000001,37.56762877,126.9795662,청계3_코리아몰앞
평일,4,4,2,을지로 노상공영주차장(신한은행 앞),을지로_신한은행앞,07시,456,486,07:36,08:06,456.0,07:36,456.0,07:36,486.0,08:06,30,26,10.5,30.0,ratio_duration,315.0,37.56710245,127.0017882,기업은행_무교지점
평일,4,4,3,청계3 노상공영주차장(코리아몰 앞),청계3_코리아몰앞,08시,517,549,08:37,09:09,517.0,08:37,517.0,08:37,549.0,09:09,32,36,14.6,32.0,ratio_duration,467.2,37.56896427,127.0020909,을지로_신한은행앞
평일,4,4,4,훈련원공원 노상공영주차장,훈련원공원,09시,557,607,09:17,10:07,562.0,09:22,562.0,09:22,607.0,10:07,45,126,51.0,49.0,ratio_duration,2499.0,37.56692913,127.0043893,청계3_코리아몰앞
평일,4,4,5,기업은행 무교지점 앞 가로등형 충전소,기업은행_무교지점,10시,631,687,10:31,11:27,634.57,10:35,634.57,10:35,679.57,11:20,45,114,46.2,56.0,ratio_duration,2587.2000000000003,37.56762877,126.9795662,훈련원공원
평일,4,4,6,기업은행 무교지점 앞 가로등형 충전소,기업은행_무교지점,11시,694,746,11:34,12:26,694.95,11:35,694.95,11:35,739.95,12:20,45,97,39.3,52.0,ratio_duration,2043.6,37.56762877,126.9795662,기업은행_무교지점
평일,4,4,7,을지로 노상공영주차장(신한은행 앞),을지로_신한은행앞,12시,750,782,12:30,13:02,750.0,12:30,750.0,12:30,782.0,13:02,32,119,48.2,32.0,ratio_duration,1542.4,37.56710245,127.0017882,기업은행_무교지점
평일,4,4,8,청계3 노상공영주차장(코리아몰 앞),청계3_코리아몰앞,13시,805,836,13:25,13:56,805.0,13:25,805.0,13:25,836.0,13:56,31,112,45.3,31.0,ratio_duration,1404.3,37.56896427,127.0020909,을지로_신한은행앞
평일,4,4,9,청계3 노상공영주차장(코리아몰 앞),청계3_코리아몰앞,14시,874,902,14:34,15:02,874.0,14:34,874.0,14:34,902.0,15:02,28,121,49.0,28.0,ratio_duration,1372.0,37.56896427,127.0020909,청계3_코리아몰앞
평일,4,4,10,청계3 노상공영주차장(코리아몰 앞),청계3_코리아몰앞,15시,928,958,15:28,15:58,928.0,15:28,928.0,15:28,958.0,15:58,30,108,43.7,30.0,ratio_duration,1311.0,37.56896427,127.0020909,청계3_코리아몰앞
평일,4,4,11,청계3 노상공영주차장(코리아몰 앞),청계3_코리아몰앞,16시,989,1012,16:29,16:52,989.0,16:29,989.0,16:29,1012.0,16:52,23,88,35.6,23.0,ratio_duration,818.8000000000001,37.56896427,127.0020909,청계3_코리아몰앞
평일,4,4,12,청계3 노상공영주차장(코리아몰 앞),청계3_코리아몰앞,17시,1048,1080,17:28,18:00,1048.0,17:28,1048.0,17:28,1080.0,18:00,32,64,25.9,32.0,ratio_duration,828.8,37.56896427,127.0020909,청계3_코리아몰앞
평일,4,4,13,청계3 노상공영주차장(고려상사 앞),청계3_고려상사앞,18시,1113,1159,18:33,19:19,1114.0,18:34,1114.0,18:34,1159.0,19:19,45,52,21.1,46.0,ratio_duration,970.6,37.56822248,127.0018662,청계3_코리아몰앞
평일,4,4,14,을지로 노상공영주차장(하나은행 앞),을지로_하나은행앞,19시,1176,1218,19:36,20:18,1177.0,19:37,1177.0,19:37,1218.0,20:18,41,64,25.9,41.0,ratio_duration,1061.8999999999999,37.56680167,126.9966063,청계3_고려상사앞
평일,4,4,15,청계3 노상공영주차장(코리아몰 앞),청계3_코리아몰앞,20시,1230,1263,20:30,21:03,1230.0,20:30,1230.0,20:30,1263.0,21:03,33,75,30.4,33.0,ratio_duration,1003.1999999999999,37.56896427,127.0020909,을지로_하나은행앞
평일,4,4,16,을지로 노상공영주차장(신한은행 앞),을지로_신한은행앞,21시,1290,1306,21:30,21:46,1290.0,21:30,1290.0,21:30,1306.0,21:46,16,51,20.6,16.0,ratio_duration,329.6,37.56710245,127.0017882,청계3_코리아몰앞
평일,5,1,1,을지로 노상공영주차장(하나은행 앞),을지로_하나은행앞,06시,380,412,06:20,06:52,380.0,06:20,380.0,06:20,412.0,06:52,32,42,17.0,32.0,ratio_duration,544.0,37.56680167,126.9966063,청계3_코리아몰앞
평일,5,1,2,훈련원공원 노상공영주차장,훈련원공원,06시,392,479,06:32,07:59,419.25,06:59,419.25,06:59,464.25,07:44,45,79,32.0,87.0,ratio_duration,2784.0,37.56692913,127.0043893,을지로_하나은행앞
평일,5,1,3,기업은행 무교지점 앞 가로등형 충전소,기업은행_무교지점,07시,456,527,07:36,08:47,480.95,08:01,480.95,08:01,525.95,08:46,45,55,22.3,71.0,ratio_duration,1583.3,37.56762877,126.9795662,훈련원공원
평일,5,1,4,기업은행 무교지점 앞 가로등형 충전소,기업은행_무교지점,08시,511,589,08:31,09:49,525.95,08:46,525.95,08:46,570.95,09:31,45,67,27.1,78.0,ratio_duration,2113.8,37.56762877,126.9795662,기업은행_무교지점
평일,5,1,5,기업은행 무교지점 앞 가로등형 충전소,기업은행_무교지점,09시,569,624,09:29,10:24,570.95,09:31,570.95,09:31,615.95,10:16,45,61,24.7,55.0,ratio_duration,1358.5,37.56762877,126.9795662,기업은행_무교지점
평일,5,1,6,을지로 노상공영주차장(신한은행 앞),을지로_신한은행앞,10시,626,652,10:26,10:52,626.0,10:26,626.0,10:26,652.0,10:52,26,96,38.9,26.0,ratio_duration,1011.4,37.56710245,127.0017882,기업은행_무교지점
평일,5,1,7,서울시 본관청사,서울시_본관청사,11시,677,681,11:17,11:21,677.0,11:17,677.0,11:17,681.0,11:21,4,3,1.2,4.0,ratio_duration,4.8,37.56637078,126.9779184,을지로_신한은행앞
평일,5,1,8,기업은행 무교지점 앞 가로등형 충전소,기업은행_무교지점,11시,694,746,11:34,12:26,694.95,11:35,694.95,11:35,739.95,12:20,45,97,39.3,52.0,ratio_duration,2043.6,37.56762877,126.9795662,서울시_본관청사
평일,5,1,9,을지로 노상공영주차장(신한은행 앞),을지로_신한은행앞,12시,750,782,12:30,13:02,750.0,12:30,750.0,12:30,782.0,13:02,32,119,48.2,32.0,ratio_duration,1542.4,37.56710245,127.0017882,기업은행_무교지점
평일,5,1,10,청계3 노상공영주차장(코리아몰 앞),청계3_코리아몰앞,13시,805,836,13:25,13:56,805.0,13:25,805.0,13:25,836.0,13:56,31,112,45.3,31.0,ratio_duration,1404.3,37.56896427,127.0020909,을지로_신한은행앞
평일,5,1,11,을지로 노상공영주차장(하나은행 앞),을지로_하나은행앞,14시,871,903,14:31,15:03,871.0,14:31,871.0,14:31,903.0,15:03,32,125,50.6,32.0,ratio_duration,1619.2,37.56680167,126.9966063,청계3_코리아몰앞
평일,5,1,12,청계3 노상공영주차장(코리아몰 앞),청계3_코리아몰앞,15시,928,958,15:28,15:58,928.0,15:28,928.0,15:28,958.0,15:58,30,108,43.7,30.0,ratio_duration,1311.0,37.56896427,127.0020909,을지로_하나은행앞
평일,5,1,13,을지로 노상공영주차장(하나은행 앞),을지로_하나은행앞,16시,988,1022,16:28,17:02,989.0,16:29,989.0,16:29,1022.0,17:02,33,100,40.5,33.0,ratio_duration,1336.5,37.56680167,126.9966063,청계3_코리아몰앞
평일,5,1,14,을지로 노상공영주차장(하나은행 앞),을지로_하나은행앞,17시,1052,1082,17:32,18:02,1052.0,17:32,1052.0,17:32,1082.0,18:02,30,68,27.5,30.0,ratio_duration,825.0,37.56680167,126.9966063,을지로_하나은행앞
평일,5,1,15,청계3 노상공영주차장(코리아몰 앞),청계3_코리아몰앞,18시,1105,1135,18:25,18:55,1105.0,18:25,1105.0,18:25,1135.0,18:55,30,69,27.9,30.0,ratio_duration,837.0,37.56896427,127.0020909,을지로_하나은행앞
평일,5,1,16,을지로 노상공영주차장(하나은행 앞),을지로_하나은행앞,19시,1176,1218,19:36,20:18,1177.0,19:37,1177.0,19:37,1218.0,20:18,41,64,25.9,41.0,ratio_duration,1061.8999999999999,37.56680167,126.9966063,청계3_코리아몰앞
평일,5,1,17,을지로 노상공영주차장(하나은행 앞),을지로_하나은행앞,20시,1230,1259,20:30,20:59,1230.0,20:30,1230.0,20:30,1259.0,20:59,29,71,28.7,29.0,ratio_duration,832.3,37.56680167,126.9966063,을지로_하나은행앞
평일,5,1,18,청계3 노상공영주차장(코리아몰 앞),청계3_코리아몰앞,21시,1281,1305,21:21,21:45,1281.0,21:21,1281.0,21:21,1305.0,21:45,24,41,16.6,24.0,ratio_duration,398.40000000000003,37.56896427,127.0020909,을지로_하나은행앞
평일,5,2,1,청계3 노상공영주차장(고려상사 앞),청계3_고려상사앞,06시,385,413,06:25,06:53,385.0,06:25,385.0,06:25,413.0,06:53,28,37,15.0,28.0,ratio_duration,420.0,37.56822248,127.0018662,청계3_코리아몰앞
평일,5,2,2,을지로 노상공영주차장(하나은행 앞),을지로_하나은행앞,07시,453,479,07:33,07:59,454.0,07:34,454.0,07:34,479.0,07:59,25,32,13.0,25.0,ratio_duration,325.0,37.56680167,126.9966063,청계3_고려상사앞
평일,5,2,3,을지로 노상공영주차장(하나은행 앞),을지로_하나은행앞,08시,516,549,08:36,09:09,516.0,08:36,516.0,08:36,549.0,09:09,33,48,19.4,33.0,ratio_duration,640.1999999999999,37.56680167,126.9966063,을지로_하나은행앞
평일,5,2,4,청계3 노상공영주차장(코리아몰 앞),청계3_코리아몰앞,09시,569,599,09:29,09:59,569.0,09:29,569.0,09:29,599.0,09:59,30,86,34.8,30.0,ratio_duration,1044.0,37.56896427,127.0020909,을지로_하나은행앞
평일,5,2,5,훈련원공원 노상공영주차장,훈련원공원,10시,636,672,10:36,11:12,636.0,10:36,636.0,10:36,672.0,11:12,36,86,34.8,36.0,ratio_duration,1252.8,37.56692913,127.0043893,청계3_코리아몰앞
평일,5,2,6,을지로 노상공영주차장(하나은행 앞),을지로_하나은행앞,11시,687,718,11:27,11:58,687.0,11:27,687.0,11:27,718.0,11:58,31,122,49.4,31.0,ratio_duration,1531.3999999999999,37.56680167,126.9966063,훈련원공원
평일,5,2,7,서울시 본관청사,서울시_본관청사,12시,738,743,12:18,12:23,738.0,12:18,738.0,12:18,743.0,12:23,5,2,0.8,5.0,ratio_duration,4.0,37.56637078,126.9779184,을지로_하나은행앞
평일,5,2,8,기업은행 무교지점 앞 가로등형 충전소,기업은행_무교지점,12시,748,790,12:28,13:10,748.0,12:28,748.0,12:28,790.0,13:10,42,128,51.8,42.0,ratio_duration,2175.6,37.56762877,126.9795662,서울시_본관청사
평일,5,2,9,훈련원공원 노상공영주차장,훈련원공원,13시,807,842,13:27,14:02,807.0,13:27,807.0,13:27,842.0,14:02,35,141,57.1,35.0,ratio_duration,1998.5,37.56692913,127.0043893,기업은행_무교지점
평일,5,2,10,청계3 노상공영주차장(코리아몰 앞),청계3_코리아몰앞,14시,874,902,14:34,15:02,874.0,14:34,874.0,14:34,902.0,15:02,28,121,49.0,28.0,ratio_duration,1372.0,37.56896427,127.0020909,훈련원공원
평일,5,2,11,을지로 노상공영주차장(신한은행 앞),을지로_신한은행앞,15시,932,954,15:32,15:54,932.0,15:32,932.0,15:32,954.0,15:54,22,103,41.7,22.0,ratio_duration,917.4000000000001,37.56710245,127.0017882,청계3_코리아몰앞
평일,5,2,12,기업은행 무교지점 앞 가로등형 충전소,기업은행_무교지점,16시,990,1035,16:30,17:15,990.0,16:30,990.0,16:30,1035.0,17:15,45,64,25.9,45.0,ratio_duration,1165.5,37.56762877,126.9795662,을지로_신한은행앞
평일,5,2,13,기업은행 무교지점 앞 가로등형 충전소,기업은행_무교지점,17시,1046,1081,17:26,18:01,1046.0,17:26,1046.0,17:26,1081.0,18:01,35,59,23.9,35.0,ratio_duration,836.5,37.56762877,126.9795662,기업은행_무교지점
평일,5,2,14,을지로 노상공영주차장(신한은행 앞),을지로_신한은행앞,18시,1105,1133,18:25,18:53,1105.0,18:25,1105.0,18:25,1133.0,18:53,28,62,25.1,28.0,ratio_duration,702.8000000000001,37.56710245,127.0017882,기업은행_무교지점
평일,5,2,15,청계3 노상공영주차장(코리아몰 앞),청계3_코리아몰앞,19시,1172,1213,19:32,20:13,1172.0,19:32,1172.0,19:32,1213.0,20:13,41,67,27.1,41.0,ratio_duration,1111.1000000000001,37.56896427,127.0020909,을지로_신한은행앞
평일,5,2,16,을지로 노상공영주차장(신한은행 앞),을지로_신한은행앞,20시,1223,1251,20:23,20:51,1223.0,20:23,1223.0,20:23,1251.0,20:51,28,74,30.0,28.0,ratio_duration,840.0,37.56710245,127.0017882,청계3_코리아몰앞
평일,5,2,17,을지로 노상공영주차장(하나은행 앞),을지로_하나은행앞,21시,1283,1305,21:23,21:45,1283.0,21:23,1283.0,21:23,1305.0,21:45,22,39,15.8,22.0,ratio_duration,347.6,37.56680167,126.9966063,을지로_신한은행앞
평일,5,3,1,기업은행 무교지점 앞 가로등형 충전소,기업은행_무교지점,06시,387,447,06:27,07:27,387.0,06:27,387.0,06:27,432.0,07:12,45,41,16.6,60.0,ratio_duration,996.0000000000001,37.56762877,126.9795662,청계3_코리아몰앞
평일,5,3,2,을지로 노상공영주차장(신한은행 앞),을지로_신한은행앞,07시,456,486,07:36,08:06,456.0,07:36,456.0,07:36,486.0,08:06,30,26,10.5,30.0,ratio_duration,315.0,37.56710245,127.0017882,기업은행_무교지점
평일,5,3,3,청계3 노상공영주차장(코리아몰 앞),청계3_코리아몰앞,08시,517,549,08:37,09:09,517.0,08:37,517.0,08:37,549.0,09:09,32,36,14.6,32.0,ratio_duration,467.2,37.56896427,127.0020909,을지로_신한은행앞
평일,5,3,4,훈련원공원 노상공영주차장,훈련원공원,09시,557,607,09:17,10:07,562.0,09:22,562.0,09:22,607.0,10:07,45,126,51.0,49.0,ratio_duration,2499.0,37.56692913,127.0043893,청계3_코리아몰앞
평일,5,3,5,기업은행 무교지점 앞 가로등형 충전소,기업은행_무교지점,10시,631,687,10:31,11:27,637.98,10:38,637.98,10:38,682.98,11:23,45,114,46.2,56.0,ratio_duration,2587.2000000000003,37.56762877,126.9795662,훈련원공원
평일,5,3,6,훈련원공원 노상공영주차장,훈련원공원,11시,694,737,11:34,12:17,694.0,11:34,694.0,11:34,737.0,12:17,43,126,51.0,43.0,ratio_duration,2193.0,37.56692913,127.0043893,기업은행_무교지점
평일,5,3,7,청계3 노상공영주차장(코리아몰 앞),청계3_코리아몰앞,12시,753,790,12:33,13:10,753.0,12:33,753.0,12:33,790.0,13:10,37,121,49.0,37.0,ratio_duration,1813.0,37.56896427,127.0020909,훈련원공원
평일,5,3,8,기업은행 무교지점 앞 가로등형 충전소,기업은행_무교지점,13시,807,853,13:27,14:13,808.0,13:28,808.0,13:28,853.0,14:13,45,86,34.8,45.0,ratio_duration,1565.9999999999998,37.56762877,126.9795662,청계3_코리아몰앞
평일,5,3,9,기업은행 무교지점 앞 가로등형 충전소,기업은행_무교지점,14시,871,900,14:31,15:00,872.0,14:32,872.0,14:32,900.0,15:00,28,112,45.3,28.0,ratio_duration,1268.3999999999999,37.56762877,126.9795662,기업은행_무교지점
평일,5,3,10,기업은행 무교지점 앞 가로등형 충전소,기업은행_무교지점,15시,927,968,15:27,16:08,927.0,15:27,927.0,15:27,968.0,16:08,41,78,31.6,41.0,ratio_duration,1295.6000000000001,37.56762877,126.9795662,기업은행_무교지점
평일,5,3,11,을지로 노상공영주차장(신한은행 앞),을지로_신한은행앞,16시,986,1006,16:26,16:46,986.0,16:26,986.0,16:26,1006.0,16:46,20,81,32.8,20.0,ratio_duration,656.0,37.56710245,127.0017882,기업은행_무교지점
평일,5,3,12,청계3 노상공영주차장(코리아몰 앞),청계3_코리아몰앞,17시,1048,1080,17:28,18:00,1048.0,17:28,1048.0,17:28,1080.0,18:00,32,64,25.9,32.0,ratio_duration,828.8,37.56896427,127.0020909,을지로_신한은행앞
평일,5,3,13,훈련원공원 노상공영주차장,훈련원공원,18시,1110,1156,18:30,19:16,1111.0,18:31,1111.0,18:31,1156.0,19:16,45,101,40.9,46.0,ratio_duration,1881.3999999999999,37.56692913,127.0043893,청계3_코리아몰앞
평일,5,3,14,훈련원공원 노상공영주차장,훈련원공원,19시,1169,1217,19:29,20:17,1169.2,19:29,1169.2,19:29,1214.2,20:14,45,74,30.0,48.0,ratio_duration,1440.0,37.56692913,127.0043893,훈련원공원
평일,5,3,15,청계3 노상공영주차장(코리아몰 앞),청계3_코리아몰앞,20시,1230,1263,20:30,21:03,1230.0,20:30,1230.0,20:30,1263.0,21:03,33,75,30.4,33.0,ratio_duration,1003.1999999999999,37.56896427,127.0020909,훈련원공원
평일,5,3,16,훈련원공원 노상공영주차장,훈련원공원,21시,1287,1311,21:27,21:51,1287.0,21:27,1287.0,21:27,1311.0,21:51,24,66,26.7,24.0,ratio_duration,640.8,37.56692913,127.0043893,청계3_코리아몰앞
평일,5,4,1,청계3 노상공영주차장(코리아몰 앞),청계3_코리아몰앞,06시,384,446,06:24,07:26,384.0,06:24,384.0,06:24,429.0,07:09,45,21,8.5,62.0,ratio_duration,527.0,37.56896427,127.0020909,청계3_코리아몰앞
평일,5,4,2,청계3 노상공영주차장(코리아몰 앞),청계3_코리아몰앞,07시,439,472,07:19,07:52,439.0,07:19,439.0,07:19,471.0,07:51,32,22,8.9,32.0,ratio_duration,284.8,37.56896427,127.0020909,청계3_코리아몰앞
평일,5,4,3,서소문청사(지상),서소문청사_지상,08시,487,500,08:07,08:20,487.0,08:07,487.0,08:07,500.0,08:20,13,2,0.8,13.0,ratio_duration,10.4,37.56455419,126.9756136,청계3_코리아몰앞
평일,5,4,4,훈련원공원 노상공영주차장,훈련원공원,08시,518,583,08:38,09:43,521.78,08:42,521.78,08:42,566.78,09:27,45,114,46.2,65.0,ratio_duration,3003.0,37.56692913,127.0043893,서소문청사_지상
평일,5,4,5,을지로 노상공영주차장(신한은행 앞),을지로_신한은행앞,09시,575,600,09:35,10:00,575.0,09:35,575.0,09:35,600.0,10:00,25,50,20.2,25.0,ratio_duration,505.0,37.56710245,127.0017882,훈련원공원
평일,5,4,6,청계3 노상공영주차장(코리아몰 앞),청계3_코리아몰앞,10시,630,662,10:30,11:02,630.0,10:30,630.0,10:30,662.0,11:02,32,81,32.8,32.0,ratio_duration,1049.6,37.56896427,127.0020909,을지로_신한은행앞
평일,5,4,7,청계3 노상공영주차장(코리아몰 앞),청계3_코리아몰앞,11시,690,738,11:30,12:18,693.0,11:33,693.0,11:33,738.0,12:18,45,107,43.3,48.0,ratio_duration,2078.3999999999996,37.56896427,127.0020909,청계3_코리아몰앞
평일,5,4,8,훈련원공원 노상공영주차장,훈련원공원,12시,748,790,12:28,13:10,748.0,12:28,748.0,12:28,790.0,13:10,42,181,73.3,42.0,ratio_duration,3078.6,37.56692913,127.0043893,청계3_코리아몰앞
평일,5,4,9,을지로 노상공영주차장(하나은행 앞),을지로_하나은행앞,13시,806,834,13:26,13:54,806.0,13:26,806.0,13:26,834.0,13:54,28,109,44.1,28.0,ratio_duration,1234.8,37.56680167,126.9966063,훈련원공원
평일,5,4,10,을지로 노상공영주차장(신한은행 앞),을지로_신한은행앞,14시,866,888,14:26,14:48,866.0,14:26,866.0,14:26,888.0,14:48,22,100,40.5,22.0,ratio_duration,891.0,37.56710245,127.0017882,을지로_하나은행앞
평일,5,4,11,을지로 노상공영주차장(하나은행 앞),을지로_하나은행앞,15시,929,959,15:29,15:59,929.0,15:29,929.0,15:29,959.0,15:59,30,89,36.0,30.0,ratio_duration,1080.0,37.56680167,126.9966063,을지로_신한은행앞
평일,5,4,12,훈련원공원 노상공영주차장,훈련원공원,16시,983,1035,16:23,17:15,985.2,16:25,985.2,16:25,1030.2,17:10,45,113,45.7,52.0,ratio_duration,2376.4,37.56692913,127.0043893,을지로_하나은행앞
평일,5,4,13,훈련원공원 노상공영주차장,훈련원공원,17시,1045,1093,17:25,18:13,1048.0,17:28,1048.0,17:28,1093.0,18:13,45,101,40.9,48.0,ratio_duration,1963.1999999999998,37.56692913,127.0043893,훈련원공원
평일,5,4,14,을지로 노상공영주차장(하나은행 앞),을지로_하나은행앞,18시,1107,1145,18:27,19:05,1107.0,18:27,1107.0,18:27,1145.0,19:05,38,54,21.9,38.0,ratio_duration,832.1999999999999,37.56680167,126.9966063,훈련원공원
평일,5,4,15,기업은행 무교지점 앞 가로등형 충전소,기업은행_무교지점,19시,1180,1214,19:40,20:14,1180.0,19:40,1180.0,19:40,1214.0,20:14,34,64,25.9,34.0,ratio_duration,880.5999999999999,37.56762877,126.9795662,을지로_하나은행앞
평일,5,4,16,기업은행 무교지점 앞 가로등형 충전소,기업은행_무교지점,20시,1230,1257,20:30,20:57,1230.0,20:30,1230.0,20:30,1257.0,20:57,27,76,30.8,27.0,ratio_duration,831.6,37.56762877,126.9795662,기업은행_무교지점
평일,5,4,17,을지로 노상공영주차장(신한은행 앞),을지로_신한은행앞,21시,1290,1306,21:30,21:46,1290.0,21:30,1290.0,21:30,1306.0,21:46,16,51,20.6,16.0,ratio_duration,329.6,37.56710245,127.0017882,기업은행_무교지점
평일,5,5,1,을지로 노상공영주차장(신한은행 앞),을지로_신한은행앞,06시,393,448,06:33,07:28,393.0,06:33,393.0,06:33,438.0,07:18,45,21,8.5,55.0,ratio_duration,467.5,37.56710245,127.0017882,청계3_코리아몰앞
평일,5,5,2,훈련원공원 노상공영주차장,훈련원공원,07시,452,490,07:32,08:10,452.0,07:32,452.0,07:32,490.0,08:10,38,32,13.0,38.0,ratio_duration,494.0,37.56692913,127.0043893,을지로_신한은행앞
평일,5,5,3,을지로 노상공영주차장(신한은행 앞),을지로_신한은행앞,08시,509,536,08:29,08:56,509.0,08:29,509.0,08:29,536.0,08:56,27,35,14.2,27.0,ratio_duration,383.4,37.56710245,127.0017882,훈련원공원
평일,5,5,4,을지로 노상공영주차장(하나은행 앞),을지로_하나은행앞,09시,579,614,09:39,10:14,579.0,09:39,579.0,09:39,614.0,10:14,35,83,33.6,35.0,ratio_duration,1176.0,37.56680167,126.9966063,을지로_신한은행앞
평일,5,5,5,을지로 노상공영주차장(하나은행 앞),을지로_하나은행앞,10시,629,662,10:29,11:02,629.0,10:29,629.0,10:29,662.0,11:02,33,94,38.1,33.0,ratio_duration,1257.3,37.56680167,126.9966063,을지로_하나은행앞
평일,5,5,6,을지로 노상공영주차장(신한은행 앞),을지로_신한은행앞,11시,690,712,11:30,11:52,690.0,11:30,690.0,11:30,712.0,11:52,22,108,43.7,22.0,ratio_duration,961.4000000000001,37.56710245,127.0017882,을지로_하나은행앞
평일,5,5,7,을지로 노상공영주차장(하나은행 앞),을지로_하나은행앞,12시,749,781,12:29,13:01,749.0,12:29,749.0,12:29,781.0,13:01,32,113,45.7,32.0,ratio_duration,1462.4,37.56680167,126.9966063,을지로_신한은행앞
평일,5,5,8,을지로 노상공영주차장(신한은행 앞),을지로_신한은행앞,13시,803,829,13:23,13:49,803.0,13:23,803.0,13:23,829.0,13:49,26,111,44.9,26.0,ratio_duration,1167.3999999999999,37.56710245,127.0017882,을지로_하나은행앞
평일,5,5,9,훈련원공원 노상공영주차장,훈련원공원,14시,867,899,14:27,14:59,867.0,14:27,867.0,14:27,899.0,14:59,32,139,56.3,32.0,ratio_duration,1801.6,37.56692913,127.0043893,을지로_신한은행앞
평일,5,5,10,훈련원공원 노상공영주차장,훈련원공원,15시,933,980,15:33,16:20,933.15,15:33,933.15,15:33,978.15,16:18,45,166,67.2,47.0,ratio_duration,3158.4,37.56692913,127.0043893,훈련원공원
평일,5,5,11,청계3 노상공영주차장(코리아몰 앞),청계3_코리아몰앞,16시,989,1012,16:29,16:52,989.0,16:29,989.0,16:29,1012.0,16:52,23,88,35.6,23.0,ratio_duration,818.8000000000001,37.56896427,127.0020909,훈련원공원
평일,5,5,12,을지로 노상공영주차장(신한은행 앞),을지로_신한은행앞,17시,1050,1084,17:30,18:04,1050.0,17:30,1050.0,17:30,1084.0,18:04,34,47,19.0,34.0,ratio_duration,646.0,37.56710245,127.0017882,청계3_코리아몰앞
평일,5,5,13,청계3 노상공영주차장(고려상사 앞),청계3_고려상사앞,18시,1113,1159,18:33,19:19,1114.0,18:34,1114.0,18:34,1159.0,19:19,45,52,21.1,46.0,ratio_duration,970.6,37.56822248,127.0018662,을지로_신한은행앞
평일,5,5,14,을지로 노상공영주차장(신한은행 앞),을지로_신한은행앞,19시,1166,1200,19:26,20:00,1166.0,19:26,1166.0,19:26,1200.0,20:00,34,58,23.5,34.0,ratio_duration,799.0,37.56710245,127.0017882,청계3_고려상사앞
평일,5,5,15,훈련원공원 노상공영주차장,훈련원공원,20시,1228,1273,20:28,21:13,1228.0,20:28,1228.0,20:28,1273.0,21:13,45,68,27.5,45.0,ratio_duration,1237.5,37.56692913,127.0043893,을지로_신한은행앞
평일,5,5,16,청계3 노상공영주차장(고려상사 앞),청계3_고려상사앞,21시,1278,1310,21:18,21:50,1278.0,21:18,1278.0,21:18,1310.0,21:50,32,19,7.7,32.0,ratio_duration,246.4,37.56822248,127.0018662,훈련원공원
토요일,1,1,1,청계3 노상공영주차장(코리아몰 앞),청계3_코리아몰앞,06시,379,419,06:19,06:59,379.0,06:19,379.0,06:19,419.0,06:59,40,7,13.7,40.0,ratio_duration,548.0,37.56896427,127.0020909,청계3_코리아몰앞
토요일,1,1,2,훈련원공원 노상공영주차장,훈련원공원,07시,458,485,07:38,08:05,458.0,07:38,458.0,07:38,485.0,08:05,27,14,27.5,27.0,ratio_duration,742.5,37.56692913,127.0043893,청계3_코리아몰앞
토요일,1,1,3,청계3 노상공영주차장(고려상사 앞),청계3_고려상사앞,08시,498,517,08:18,08:37,498.0,08:18,498.0,08:18,517.0,08:37,19,8,15.7,19.0,ratio_duration,298.3,37.56822248,127.0018662,훈련원공원
토요일,1,1,4,훈련원공원 노상공영주차장,훈련원공원,08시,521,589,08:41,09:49,521.0,08:41,521.0,08:41,566.0,09:26,45,16,31.4,67.0,ratio_duration,2103.7999999999997,37.56692913,127.0043893,청계3_고려상사앞
토요일,1,1,5,기업은행 무교지점 앞 가로등형 충전소,기업은행_무교지점,09시,575,633,09:35,10:33,578.83,09:39,578.83,09:39,623.83,10:24,45,18,35.3,58.0,ratio_duration,2047.3999999999999,37.56762877,126.9795662,훈련원공원
토요일,1,1,6,기업은행 무교지점 앞 가로등형 충전소,기업은행_무교지점,10시,622,672,10:22,11:12,623.9,10:24,623.9,10:24,668.9,11:09,45,20,39.2,50.0,ratio_duration,1960.0000000000002,37.56762877,126.9795662,기업은행_무교지점
토요일,1,1,7,청계3 노상공영주차장(코리아몰 앞),청계3_코리아몰앞,11시,691,739,11:31,12:19,693.9,11:34,693.9,11:34,738.9,12:19,45,14,27.5,48.0,ratio_duration,1320.0,37.56896427,127.0020909,기업은행_무교지점
토요일,1,1,8,기업은행 무교지점 앞 가로등형 충전소,기업은행_무교지점,12시,746,817,12:26,13:37,752.05,12:32,752.05,12:32,797.05,13:17,45,8,15.7,70.0,ratio_duration,1099.0,37.56762877,126.9795662,청계3_코리아몰앞
토요일,1,1,9,을지로 노상공영주차장(하나은행 앞),을지로_하나은행앞,13시,812,844,13:32,14:04,812.0,13:32,812.0,13:32,844.0,14:04,32,14,27.5,32.0,ratio_duration,880.0,37.56680167,126.9966063,기업은행_무교지점
토요일,1,1,10,청계3 노상공영주차장(코리아몰 앞),청계3_코리아몰앞,14시,868,912,14:28,15:12,868.0,14:28,868.0,14:28,912.0,15:12,44,20,39.2,44.0,ratio_duration,1724.8000000000002,37.56896427,127.0020909,을지로_하나은행앞
토요일,1,1,11,을지로 노상공영주차장(하나은행 앞),을지로_하나은행앞,15시,931,964,15:31,16:04,932.0,15:32,932.0,15:32,964.0,16:04,32,14,27.5,32.0,ratio_duration,880.0,37.56680167,126.9966063,청계3_코리아몰앞
토요일,1,1,12,청계3 노상공영주차장(코리아몰 앞),청계3_코리아몰앞,16시,975,1016,16:15,16:56,975.0,16:15,975.0,16:15,1016.0,16:56,41,14,27.5,41.0,ratio_duration,1127.5,37.56896427,127.0020909,을지로_하나은행앞
토요일,1,1,13,을지로 노상공영주차장(신한은행 앞),을지로_신한은행앞,17시,1028,1051,17:08,17:31,1028.0,17:08,1028.0,17:08,1051.0,17:31,23,5,9.8,23.0,ratio_duration,225.4,37.56710245,127.0017882,청계3_코리아몰앞
토요일,1,1,14,훈련원공원 노상공영주차장,훈련원공원,17시,1059,1088,17:39,18:08,1060.0,17:40,1060.0,17:40,1088.0,18:08,28,12,23.5,28.0,ratio_duration,658.0,37.56692913,127.0043893,을지로_신한은행앞
토요일,1,1,15,훈련원공원 노상공영주차장,훈련원공원,18시,1125,1169,18:45,19:29,1125.0,18:45,1125.0,18:45,1169.0,19:29,44,15,29.4,44.0,ratio_duration,1293.6,37.56692913,127.0043893,훈련원공원
토요일,1,1,16,훈련원공원 노상공영주차장,훈련원공원,19시,1171,1221,19:31,20:21,1176.0,19:36,1176.0,19:36,1221.0,20:21,45,12,23.5,50.0,ratio_duration,1175.0,37.56692913,127.0043893,훈련원공원
토요일,1,1,17,청계3 노상공영주차장(코리아몰 앞),청계3_코리아몰앞,20시,1229,1259,20:29,20:59,1229.0,20:29,1229.0,20:29,1259.0,20:59,30,17,33.3,30.0,ratio_duration,998.9999999999999,37.56896427,127.0020909,훈련원공원
토요일,1,1,18,기업은행 무교지점 앞 가로등형 충전소,기업은행_무교지점,21시,1284,1303,21:24,21:43,1284.0,21:24,1284.0,21:24,1303.0,21:43,19,23,45.1,19.0,ratio_duration,856.9,37.56762877,126.9795662,청계3_코리아몰앞
토요일,2,1,1,을지로 노상공영주차장(하나은행 앞),을지로_하나은행앞,06시,374,385,06:14,06:25,374.0,06:14,374.0,06:14,385.0,06:25,11,4,7.8,11.0,ratio_duration,85.8,37.56680167,126.9966063,청계3_코리아몰앞
토요일,2,1,2,을지로 노상공영주차장(신한은행 앞),을지로_신한은행앞,06시,403,493,06:43,08:13,404.3,06:44,404.3,06:44,449.3,07:29,45,2,3.9,90.0,ratio_duration,351.0,37.56710245,127.0017882,을지로_하나은행앞
토요일,2,1,3,훈련원공원 노상공영주차장,훈련원공원,07시,458,485,07:38,08:05,458.0,07:38,458.0,07:38,485.0,08:05,27,14,27.5,27.0,ratio_duration,742.5,37.56692913,127.0043893,을지로_신한은행앞
토요일,2,1,4,청계3 노상공영주차장(고려상사 앞),청계3_고려상사앞,08시,498,517,08:18,08:37,498.0,08:18,498.0,08:18,517.0,08:37,19,8,15.7,19.0,ratio_duration,298.3,37.56822248,127.0018662,훈련원공원
토요일,2,1,5,훈련원공원 노상공영주차장,훈련원공원,08시,521,589,08:41,09:49,521.0,08:41,521.0,08:41,566.0,09:26,45,16,31.4,67.0,ratio_duration,2103.7999999999997,37.56692913,127.0043893,청계3_고려상사앞
토요일,2,1,6,기업은행 무교지점 앞 가로등형 충전소,기업은행_무교지점,09시,575,633,09:35,10:33,578.83,09:39,578.83,09:39,623.83,10:24,45,18,35.3,58.0,ratio_duration,2047.3999999999999,37.56762877,126.9795662,훈련원공원
토요일,2,1,7,기업은행 무교지점 앞 가로등형 충전소,기업은행_무교지점,10시,622,672,10:22,11:12,623.9,10:24,623.9,10:24,668.9,11:09,45,20,39.2,50.0,ratio_duration,1960.0000000000002,37.56762877,126.9795662,기업은행_무교지점
토요일,2,1,8,기업은행 무교지점 앞 가로등형 충전소,기업은행_무교지점,11시,695,732,11:35,12:12,695.0,11:35,695.0,11:35,732.0,12:12,37,13,25.5,37.0,ratio_duration,943.5,37.56762877,126.9795662,기업은행_무교지점
토요일,2,1,9,기업은행 무교지점 앞 가로등형 충전소,기업은행_무교지점,12시,746,817,12:26,13:37,752.05,12:32,752.05,12:32,797.05,13:17,45,8,15.7,70.0,ratio_duration,1099.0,37.56762877,126.9795662,기업은행_무교지점
토요일,2,1,10,을지로 노상공영주차장(하나은행 앞),을지로_하나은행앞,13시,812,844,13:32,14:04,812.0,13:32,812.0,13:32,844.0,14:04,32,14,27.5,32.0,ratio_duration,880.0,37.56680167,126.9966063,기업은행_무교지점
토요일,2,1,11,청계3 노상공영주차장(코리아몰 앞),청계3_코리아몰앞,14시,868,912,14:28,15:12,868.0,14:28,868.0,14:28,912.0,15:12,44,20,39.2,44.0,ratio_duration,1724.8000000000002,37.56896427,127.0020909,을지로_하나은행앞
토요일,2,1,12,청계5 노상공영주차장,청계5,15시,922,930,15:22,15:30,922.0,15:22,922.0,15:22,930.0,15:30,8,3,5.9,8.0,ratio_duration,47.2,37.5681412,127.0024362,청계3_코리아몰앞
토요일,2,1,13,훈련원공원 노상공영주차장,훈련원공원,15시,937,969,15:37,16:09,937.0,15:37,937.0,15:37,969.0,16:09,32,12,23.5,32.0,ratio_duration,752.0,37.56692913,127.0043893,청계5
토요일,2,1,14,훈련원공원 노상공영주차장,훈련원공원,16시,971,1016,16:11,16:56,971.0,16:11,971.0,16:11,1016.0,16:56,45,11,21.6,45.0,ratio_duration,972.0000000000001,37.56692913,127.0043893,훈련원공원
토요일,2,1,15,을지로 노상공영주차장(신한은행 앞),을지로_신한은행앞,17시,1028,1051,17:08,17:31,1028.0,17:08,1028.0,17:08,1051.0,17:31,23,5,9.8,23.0,ratio_duration,225.4,37.56710245,127.0017882,훈련원공원
토요일,2,1,16,훈련원공원 노상공영주차장,훈련원공원,17시,1059,1088,17:39,18:08,1060.0,17:40,1060.0,17:40,1088.0,18:08,28,12,23.5,28.0,ratio_duration,658.0,37.56692913,127.0043893,을지로_신한은행앞
토요일,2,1,17,훈련원공원 노상공영주차장,훈련원공원,18시,1125,1169,18:45,19:29,1125.0,18:45,1125.0,18:45,1169.0,19:29,44,15,29.4,44.0,ratio_duration,1293.6,37.56692913,127.0043893,훈련원공원
토요일,2,1,18,을지로 노상공영주차장(신한은행 앞),을지로_신한은행앞,19시,1172,1209,19:32,20:09,1172.0,19:32,1172.0,19:32,1209.0,20:09,37,11,21.6,37.0,ratio_duration,799.2,37.56710245,127.0017882,훈련원공원
토요일,2,1,19,청계3 노상공영주차장(코리아몰 앞),청계3_코리아몰앞,20시,1229,1259,20:29,20:59,1229.0,20:29,1229.0,20:29,1259.0,20:59,30,17,33.3,30.0,ratio_duration,998.9999999999999,37.56896427,127.0020909,을지로_신한은행앞
토요일,2,1,20,기업은행 무교지점 앞 가로등형 충전소,기업은행_무교지점,21시,1284,1303,21:24,21:43,1284.0,21:24,1284.0,21:24,1303.0,21:43,19,23,45.1,19.0,ratio_duration,856.9,37.56762877,126.9795662,청계3_코리아몰앞
토요일,2,2,1,청계3 노상공영주차장(코리아몰 앞),청계3_코리아몰앞,06시,379,419,06:19,06:59,379.0,06:19,379.0,06:19,419.0,06:59,40,7,13.7,40.0,ratio_duration,548.0,37.56896427,127.0020909,청계3_코리아몰앞
토요일,2,2,2,을지로 노상공영주차장(하나은행 앞),을지로_하나은행앞,07시,448,473,07:28,07:53,448.0,07:28,448.0,07:28,473.0,07:53,25,11,21.6,25.0,ratio_duration,540.0,37.56680167,126.9966063,청계3_코리아몰앞
토요일,2,2,3,청계3 노상공영주차장(코리아몰 앞),청계3_코리아몰앞,08시,510,553,08:30,09:13,510.0,08:30,510.0,08:30,553.0,09:13,43,12,23.5,43.0,ratio_duration,1010.5,37.56896427,127.0020909,을지로_하나은행앞
토요일,2,2,4,훈련원공원 노상공영주차장,훈련원공원,09시,557,602,09:17,10:02,557.0,09:17,557.0,09:17,602.0,10:02,45,31,60.8,45.0,ratio_duration,2736.0,37.56692913,127.0043893,청계3_코리아몰앞
토요일,2,2,5,청계3 노상공영주차장(코리아몰 앞),청계3_코리아몰앞,10시,626,660,10:26,11:00,626.0,10:26,626.0,10:26,660.0,11:00,34,23,45.1,34.0,ratio_duration,1533.4,37.56896427,127.0020909,훈련원공원
토요일,2,2,6,청계3 노상공영주차장(코리아몰 앞),청계3_코리아몰앞,11시,691,739,11:31,12:19,693.9,11:34,693.9,11:34,738.9,12:19,45,14,27.5,48.0,ratio_duration,1320.0,37.56896427,127.0020909,청계3_코리아몰앞
토요일,2,2,7,훈련원공원 노상공영주차장,훈련원공원,12시,747,788,12:27,13:08,747.0,12:27,747.0,12:27,788.0,13:08,41,11,21.6,41.0,ratio_duration,885.6,37.56692913,127.0043893,청계3_코리아몰앞
토요일,2,2,8,훈련원공원 노상공영주차장,훈련원공원,13시,797,836,13:17,13:56,797.0,13:17,797.0,13:17,836.0,13:56,39,11,21.6,39.0,ratio_duration,842.4000000000001,37.56692913,127.0043893,훈련원공원
토요일,2,2,9,을지로 노상공영주차장(하나은행 앞),을지로_하나은행앞,14시,873,913,14:33,15:13,874.0,14:34,874.0,14:34,913.0,15:13,39,14,27.5,39.0,ratio_duration,1072.5,37.56680167,126.9966063,훈련원공원
토요일,2,2,10,을지로 노상공영주차장(하나은행 앞),을지로_하나은행앞,15시,931,964,15:31,16:04,932.0,15:32,932.0,15:32,964.0,16:04,32,14,27.5,32.0,ratio_duration,880.0,37.56680167,126.9966063,을지로_하나은행앞
토요일,2,2,11,청계3 노상공영주차장(코리아몰 앞),청계3_코리아몰앞,16시,975,1016,16:15,16:56,975.0,16:15,975.0,16:15,1016.0,16:56,41,14,27.5,41.0,ratio_duration,1127.5,37.56896427,127.0020909,을지로_하나은행앞
토요일,2,2,12,기업은행 무교지점 앞 가로등형 충전소,기업은행_무교지점,17시,1044,1093,17:24,18:13,1048.0,17:28,1048.0,17:28,1093.0,18:13,45,8,15.7,49.0,ratio_duration,769.3,37.56762877,126.9795662,청계3_코리아몰앞
토요일,2,2,13,기업은행 무교지점 앞 가로등형 충전소,기업은행_무교지점,18시,1109,1160,18:29,19:20,1115.0,18:35,1115.0,18:35,1160.0,19:20,45,8,15.7,50.0,ratio_duration,785.0,37.56762877,126.9795662,기업은행_무교지점
토요일,2,2,14,훈련원공원 노상공영주차장,훈련원공원,19시,1171,1221,19:31,20:21,1176.0,19:36,1176.0,19:36,1221.0,20:21,45,12,23.5,50.0,ratio_duration,1175.0,37.56692913,127.0043893,기업은행_무교지점
토요일,2,2,15,훈련원공원 노상공영주차장,훈련원공원,20시,1231,1266,20:31,21:06,1231.0,20:31,1231.0,20:31,1266.0,21:06,35,14,27.5,35.0,ratio_duration,962.5,37.56692913,127.0043893,훈련원공원
토요일,2,2,16,훈련원공원 노상공영주차장,훈련원공원,21시,1279,1301,21:19,21:41,1279.0,21:19,1279.0,21:19,1301.0,21:41,22,17,33.3,22.0,ratio_duration,732.5999999999999,37.56692913,127.0043893,훈련원공원
토요일,3,1,1,훈련원공원 노상공영주차장,훈련원공원,06시,392,412,06:32,06:52,392.0,06:32,392.0,06:32,412.0,06:52,20,5,9.8,20.0,ratio_duration,196.0,37.56692913,127.0043893,청계3_코리아몰앞
토요일,3,1,2,을지로 노상공영주차장(신한은행 앞),을지로_신한은행앞,06시,403,493,06:43,08:13,419.02,06:59,419.02,06:59,464.02,07:44,45,2,3.9,90.0,ratio_duration,351.0,37.56710245,127.0017882,훈련원공원
토요일,3,1,3,청계3 노상공영주차장(코리아몰 앞),청계3_코리아몰앞,07시,466,499,07:46,08:19,466.0,07:46,466.0,07:46,499.0,08:19,33,4,7.8,33.0,ratio_duration,257.4,37.56896427,127.0020909,을지로_신한은행앞
토요일,3,1,4,청계3 노상공영주차장(코리아몰 앞),청계3_코리아몰앞,08시,510,553,08:30,09:13,510.0,08:30,510.0,08:30,553.0,09:13,43,12,23.5,43.0,ratio_duration,1010.5,37.56896427,127.0020909,청계3_코리아몰앞
토요일,3,1,5,훈련원공원 노상공영주차장,훈련원공원,09시,557,602,09:17,10:02,557.0,09:17,557.0,09:17,602.0,10:02,45,31,60.8,45.0,ratio_duration,2736.0,37.56692913,127.0043893,청계3_코리아몰앞
토요일,3,1,6,기업은행 무교지점 앞 가로등형 충전소,기업은행_무교지점,10시,622,672,10:22,11:12,623.9,10:24,623.9,10:24,668.9,11:09,45,20,39.2,50.0,ratio_duration,1960.0000000000002,37.56762877,126.9795662,훈련원공원
토요일,3,1,7,청계3 노상공영주차장(코리아몰 앞),청계3_코리아몰앞,11시,691,739,11:31,12:19,693.9,11:34,693.9,11:34,738.9,12:19,45,14,27.5,48.0,ratio_duration,1320.0,37.56896427,127.0020909,기업은행_무교지점
토요일,3,1,8,훈련원공원 노상공영주차장,훈련원공원,12시,747,788,12:27,13:08,747.0,12:27,747.0,12:27,788.0,13:08,41,11,21.6,41.0,ratio_duration,885.6,37.56692913,127.0043893,청계3_코리아몰앞
토요일,3,1,9,훈련원공원 노상공영주차장,훈련원공원,13시,797,836,13:17,13:56,797.0,13:17,797.0,13:17,836.0,13:56,39,11,21.6,39.0,ratio_duration,842.4000000000001,37.56692913,127.0043893,훈련원공원
토요일,3,1,10,을지로 노상공영주차장(신한은행 앞),을지로_신한은행앞,14시,868,887,14:28,14:47,868.0,14:28,868.0,14:28,887.0,14:47,19,25,49.0,19.0,ratio_duration,931.0,37.56710245,127.0017882,훈련원공원
토요일,3,1,11,서소문청사(지상),서소문청사_지상,14시,897,903,14:57,15:03,897.0,14:57,897.0,14:57,903.0,15:03,6,1,2.0,6.0,ratio_duration,12.0,37.56455419,126.9756136,을지로_신한은행앞
토요일,3,1,12,기업은행 무교지점 앞 가로등형 충전소,기업은행_무교지점,15시,914,965,15:14,16:05,914.35,15:14,914.35,15:14,959.35,15:59,45,6,11.8,51.0,ratio_duration,601.8000000000001,37.56762877,126.9795662,서소문청사_지상
토요일,3,1,13,기업은행 무교지점 앞 가로등형 충전소,기업은행_무교지점,16시,996,1045,16:36,17:25,1000.0,16:40,1000.0,16:40,1045.0,17:25,45,8,15.7,49.0,ratio_duration,769.3,37.56762877,126.9795662,기업은행_무교지점
토요일,3,1,14,기업은행 무교지점 앞 가로등형 충전소,기업은행_무교지점,17시,1044,1093,17:24,18:13,1048.0,17:28,1048.0,17:28,1093.0,18:13,45,8,15.7,49.0,ratio_duration,769.3,37.56762877,126.9795662,기업은행_무교지점
토요일,3,1,15,기업은행 무교지점 앞 가로등형 충전소,기업은행_무교지점,18시,1109,1160,18:29,19:20,1115.0,18:35,1115.0,18:35,1160.0,19:20,45,8,15.7,50.0,ratio_duration,785.0,37.56762877,126.9795662,기업은행_무교지점
토요일,3,1,16,을지로 노상공영주차장(신한은행 앞),을지로_신한은행앞,19시,1172,1209,19:32,20:09,1172.0,19:32,1172.0,19:32,1209.0,20:09,37,11,21.6,37.0,ratio_duration,799.2,37.56710245,127.0017882,기업은행_무교지점
토요일,3,1,17,청계3 노상공영주차장(코리아몰 앞),청계3_코리아몰앞,20시,1229,1259,20:29,20:59,1229.0,20:29,1229.0,20:29,1259.0,20:59,30,17,33.3,30.0,ratio_duration,998.9999999999999,37.56896427,127.0020909,을지로_신한은행앞
토요일,3,1,18,청계3 노상공영주차장(코리아몰 앞),청계3_코리아몰앞,21시,1271,1290,21:11,21:30,1271.0,21:11,1271.0,21:11,1290.0,21:30,19,6,11.8,19.0,ratio_duration,224.20000000000002,37.56896427,127.0020909,청계3_코리아몰앞
토요일,3,1,19,을지로 노상공영주차장(신한은행 앞),을지로_신한은행앞,21시,1300,1315,21:40,21:55,1300.0,21:40,1300.0,21:40,1315.0,21:55,15,13,25.5,15.0,ratio_duration,382.5,37.56710245,127.0017882,청계3_코리아몰앞
토요일,3,2,1,청계3 노상공영주차장(고려상사 앞),청계3_고려상사앞,06시,393,417,06:33,06:57,393.0,06:33,393.0,06:33,417.0,06:57,24,4,7.8,24.0,ratio_duration,187.2,37.56822248,127.0018662,청계3_코리아몰앞
토요일,3,2,2,훈련원공원 노상공영주차장,훈련원공원,07시,458,485,07:38,08:05,458.0,07:38,458.0,07:38,485.0,08:05,27,14,27.5,27.0,ratio_duration,742.5,37.56692913,127.0043893,청계3_고려상사앞
토요일,3,2,3,을지로 노상공영주차장(신한은행 앞),을지로_신한은행앞,08시,495,512,08:15,08:32,496.0,08:16,496.0,08:16,512.0,08:32,16,6,11.8,16.0,ratio_duration,188.8,37.56710245,127.0017882,훈련원공원
토요일,3,2,4,을지로 노상공영주차장(하나은행 앞),을지로_하나은행앞,08시,514,556,08:34,09:16,514.0,08:34,514.0,08:34,556.0,09:16,42,7,13.7,42.0,ratio_duration,575.4,37.56680167,126.9966063,을지로_신한은행앞
토요일,3,2,5,기업은행 무교지점 앞 가로등형 충전소,기업은행_무교지점,09시,575,633,09:35,10:33,577.32,09:37,577.32,09:37,622.32,10:22,45,18,35.3,58.0,ratio_duration,2047.3999999999999,37.56762877,126.9795662,을지로_하나은행앞
토요일,3,2,6,청계5 노상공영주차장,청계5,10시,638,666,10:38,11:06,638.0,10:38,638.0,10:38,666.0,11:06,28,10,19.6,28.0,ratio_duration,548.8000000000001,37.5681412,127.0024362,기업은행_무교지점
토요일,3,2,7,기업은행 무교지점 앞 가로등형 충전소,기업은행_무교지점,11시,695,732,11:35,12:12,695.0,11:35,695.0,11:35,732.0,12:12,37,13,25.5,37.0,ratio_duration,943.5,37.56762877,126.9795662,청계5
토요일,3,2,8,기업은행 무교지점 앞 가로등형 충전소,기업은행_무교지점,12시,746,817,12:26,13:37,752.05,12:32,752.05,12:32,797.05,13:17,45,8,15.7,70.0,ratio_duration,1099.0,37.56762877,126.9795662,기업은행_무교지점
토요일,3,2,9,을지로 노상공영주차장(하나은행 앞),을지로_하나은행앞,13시,812,844,13:32,14:04,812.0,13:32,812.0,13:32,844.0,14:04,32,14,27.5,32.0,ratio_duration,880.0,37.56680167,126.9966063,기업은행_무교지점
토요일,3,2,10,을지로 노상공영주차장(하나은행 앞),을지로_하나은행앞,14시,873,913,14:33,15:13,874.0,14:34,874.0,14:34,913.0,15:13,39,14,27.5,39.0,ratio_duration,1072.5,37.56680167,126.9966063,을지로_하나은행앞
토요일,3,2,11,을지로 노상공영주차장(하나은행 앞),을지로_하나은행앞,15시,931,964,15:31,16:04,932.0,15:32,932.0,15:32,964.0,16:04,32,14,27.5,32.0,ratio_duration,880.0,37.56680167,126.9966063,을지로_하나은행앞
토요일,3,2,12,청계3 노상공영주차장(코리아몰 앞),청계3_코리아몰앞,16시,975,1016,16:15,16:56,975.0,16:15,975.0,16:15,1016.0,16:56,41,14,27.5,41.0,ratio_duration,1127.5,37.56896427,127.0020909,을지로_하나은행앞
토요일,3,2,13,청계3 노상공영주차장(코리아몰 앞),청계3_코리아몰앞,17시,1048,1068,17:28,17:48,1048.0,17:28,1048.0,17:28,1068.0,17:48,20,13,25.5,20.0,ratio_duration,510.0,37.56896427,127.0020909,청계3_코리아몰앞
토요일,3,2,14,훈련원공원 노상공영주차장,훈련원공원,18시,1125,1169,18:45,19:29,1125.0,18:45,1125.0,18:45,1169.0,19:29,44,15,29.4,44.0,ratio_duration,1293.6,37.56692913,127.0043893,청계3_코리아몰앞
토요일,3,2,15,훈련원공원 노상공영주차장,훈련원공원,19시,1171,1221,19:31,20:21,1176.0,19:36,1176.0,19:36,1221.0,20:21,45,12,23.5,50.0,ratio_duration,1175.0,37.56692913,127.0043893,훈련원공원
토요일,3,2,16,훈련원공원 노상공영주차장,훈련원공원,20시,1231,1266,20:31,21:06,1231.0,20:31,1231.0,20:31,1266.0,21:06,35,14,27.5,35.0,ratio_duration,962.5,37.56692913,127.0043893,훈련원공원
토요일,3,2,17,훈련원공원 노상공영주차장,훈련원공원,21시,1279,1301,21:19,21:41,1279.0,21:19,1279.0,21:19,1301.0,21:41,22,17,33.3,22.0,ratio_duration,732.5999999999999,37.56692913,127.0043893,훈련원공원
토요일,3,3,1,청계3 노상공영주차장(코리아몰 앞),청계3_코리아몰앞,06시,379,419,06:19,06:59,379.0,06:19,379.0,06:19,419.0,06:59,40,7,13.7,40.0,ratio_duration,548.0,37.56896427,127.0020909,청계3_코리아몰앞
토요일,3,3,2,을지로 노상공영주차장(하나은행 앞),을지로_하나은행앞,07시,448,473,07:28,07:53,448.0,07:28,448.0,07:28,473.0,07:53,25,11,21.6,25.0,ratio_duration,540.0,37.56680167,126.9966063,청계3_코리아몰앞
토요일,3,3,3,청계3 노상공영주차장(고려상사 앞),청계3_고려상사앞,08시,498,517,08:18,08:37,498.0,08:18,498.0,08:18,517.0,08:37,19,8,15.7,19.0,ratio_duration,298.3,37.56822248,127.0018662,을지로_하나은행앞
토요일,3,3,4,훈련원공원 노상공영주차장,훈련원공원,08시,521,589,08:41,09:49,521.0,08:41,521.0,08:41,566.0,09:26,45,16,31.4,67.0,ratio_duration,2103.7999999999997,37.56692913,127.0043893,청계3_고려상사앞
토요일,3,3,5,을지로 노상공영주차장(하나은행 앞),을지로_하나은행앞,09시,575,618,09:35,10:18,575.0,09:35,575.0,09:35,618.0,10:18,43,15,29.4,43.0,ratio_duration,1264.2,37.56680167,126.9966063,훈련원공원
토요일,3,3,6,청계3 노상공영주차장(코리아몰 앞),청계3_코리아몰앞,10시,626,660,10:26,11:00,626.0,10:26,626.0,10:26,660.0,11:00,34,23,45.1,34.0,ratio_duration,1533.4,37.56896427,127.0020909,을지로_하나은행앞
토요일,3,3,7,청계8가 노상공영주차장,청계8가,11시,704,739,11:44,12:19,704.0,11:44,704.0,11:44,739.0,12:19,35,11,21.6,35.0,ratio_duration,756.0,37.56980089,127.0163871,청계3_코리아몰앞
토요일,3,3,8,청계3 노상공영주차장(고려상사 앞),청계3_고려상사앞,12시,753,796,12:33,13:16,753.0,12:33,753.0,12:33,796.0,13:16,43,11,21.6,43.0,ratio_duration,928.8000000000001,37.56822248,127.0018662,청계8가
토요일,3,3,9,청계3 노상공영주차장(코리아몰 앞),청계3_코리아몰앞,13시,814,844,13:34,14:04,814.0,13:34,814.0,13:34,844.0,14:04,30,13,25.5,30.0,ratio_duration,765.0,37.56896427,127.0020909,청계3_고려상사앞
토요일,3,3,10,청계3 노상공영주차장(코리아몰 앞),청계3_코리아몰앞,14시,868,912,14:28,15:12,868.0,14:28,868.0,14:28,912.0,15:12,44,20,39.2,44.0,ratio_duration,1724.8000000000002,37.56896427,127.0020909,청계3_코리아몰앞
토요일,3,3,11,청계5 노상공영주차장,청계5,15시,922,930,15:22,15:30,922.0,15:22,922.0,15:22,930.0,15:30,8,3,5.9,8.0,ratio_duration,47.2,37.5681412,127.0024362,청계3_코리아몰앞
토요일,3,3,12,훈련원공원 노상공영주차장,훈련원공원,15시,937,969,15:37,16:09,937.0,15:37,937.0,15:37,969.0,16:09,32,12,23.5,32.0,ratio_duration,752.0,37.56692913,127.0043893,청계5
토요일,3,3,13,훈련원공원 노상공영주차장,훈련원공원,16시,971,1016,16:11,16:56,971.0,16:11,971.0,16:11,1016.0,16:56,45,11,21.6,45.0,ratio_duration,972.0000000000001,37.56692913,127.0043893,훈련원공원
토요일,3,3,14,을지로 노상공영주차장(신한은행 앞),을지로_신한은행앞,17시,1028,1051,17:08,17:31,1028.0,17:08,1028.0,17:08,1051.0,17:31,23,5,9.8,23.0,ratio_duration,225.4,37.56710245,127.0017882,훈련원공원
토요일,3,3,15,훈련원공원 노상공영주차장,훈련원공원,17시,1059,1088,17:39,18:08,1060.0,17:40,1060.0,17:40,1088.0,18:08,28,12,23.5,28.0,ratio_duration,658.0,37.56692913,127.0043893,을지로_신한은행앞
토요일,3,3,16,청계3 노상공영주차장(코리아몰 앞),청계3_코리아몰앞,18시,1118,1142,18:38,19:02,1119.0,18:39,1119.0,18:39,1142.0,19:02,23,12,23.5,23.0,ratio_duration,540.5,37.56896427,127.0020909,훈련원공원
토요일,3,3,17,청계3 노상공영주차장(코리아몰 앞),청계3_코리아몰앞,19시,1158,1201,19:18,20:01,1158.0,19:18,1158.0,19:18,1201.0,20:01,43,11,21.6,43.0,ratio_duration,928.8000000000001,37.56896427,127.0020909,청계3_코리아몰앞
토요일,3,3,18,기업은행 무교지점 앞 가로등형 충전소,기업은행_무교지점,20시,1221,1246,20:21,20:46,1221.0,20:21,1221.0,20:21,1246.0,20:46,25,17,33.3,25.0,ratio_duration,832.4999999999999,37.56762877,126.9795662,청계3_코리아몰앞
토요일,3,3,19,기업은행 무교지점 앞 가로등형 충전소,기업은행_무교지점,21시,1284,1303,21:24,21:43,1284.0,21:24,1284.0,21:24,1303.0,21:43,19,23,45.1,19.0,ratio_duration,856.9,37.56762877,126.9795662,기업은행_무교지점
토요일,4,1,1,청계3 노상공영주차장(코리아몰 앞),청계3_코리아몰앞,06시,379,419,06:19,06:59,379.0,06:19,379.0,06:19,419.0,06:59,40,7,13.7,40.0,ratio_duration,548.0,37.56896427,127.0020909,청계3_코리아몰앞
토요일,4,1,2,을지로 노상공영주차장(하나은행 앞),을지로_하나은행앞,07시,448,473,07:28,07:53,448.0,07:28,448.0,07:28,473.0,07:53,25,11,21.6,25.0,ratio_duration,540.0,37.56680167,126.9966063,청계3_코리아몰앞
토요일,4,1,3,을지로 노상공영주차장(신한은행 앞),을지로_신한은행앞,08시,495,512,08:15,08:32,496.0,08:16,496.0,08:16,512.0,08:32,16,6,11.8,16.0,ratio_duration,188.8,37.56710245,127.0017882,을지로_하나은행앞
토요일,4,1,4,을지로 노상공영주차장(하나은행 앞),을지로_하나은행앞,08시,514,556,08:34,09:16,514.0,08:34,514.0,08:34,556.0,09:16,42,7,13.7,42.0,ratio_duration,575.4,37.56680167,126.9966063,을지로_신한은행앞
토요일,4,1,5,기업은행 무교지점 앞 가로등형 충전소,기업은행_무교지점,09시,575,633,09:35,10:33,577.32,09:37,577.32,09:37,622.32,10:22,45,18,35.3,58.0,ratio_duration,2047.3999999999999,37.56762877,126.9795662,을지로_하나은행앞
토요일,4,1,6,기업은행 무교지점 앞 가로등형 충전소,기업은행_무교지점,10시,622,672,10:22,11:12,623.9,10:24,623.9,10:24,668.9,11:09,45,20,39.2,50.0,ratio_duration,1960.0000000000002,37.56762877,126.9795662,기업은행_무교지점
토요일,4,1,7,훈련원공원 노상공영주차장,훈련원공원,11시,680,709,11:20,11:49,680.0,11:20,680.0,11:20,709.0,11:49,29,13,25.5,29.0,ratio_duration,739.5,37.56692913,127.0043893,기업은행_무교지점
토요일,4,1,8,기업은행 무교지점 앞 가로등형 충전소,기업은행_무교지점,12시,746,817,12:26,13:37,752.05,12:32,752.05,12:32,797.05,13:17,45,8,15.7,70.0,ratio_duration,1099.0,37.56762877,126.9795662,훈련원공원
토요일,4,1,9,을지로 노상공영주차장(하나은행 앞),을지로_하나은행앞,13시,812,844,13:32,14:04,812.0,13:32,812.0,13:32,844.0,14:04,32,14,27.5,32.0,ratio_duration,880.0,37.56680167,126.9966063,기업은행_무교지점
토요일,4,1,10,을지로 노상공영주차장(신한은행 앞),을지로_신한은행앞,14시,868,887,14:28,14:47,868.0,14:28,868.0,14:28,887.0,14:47,19,25,49.0,19.0,ratio_duration,931.0,37.56710245,127.0017882,을지로_하나은행앞
토요일,4,1,11,서소문청사(지상),서소문청사_지상,14시,897,903,14:57,15:03,897.0,14:57,897.0,14:57,903.0,15:03,6,1,2.0,6.0,ratio_duration,12.0,37.56455419,126.9756136,을지로_신한은행앞
토요일,4,1,12,기업은행 무교지점 앞 가로등형 충전소,기업은행_무교지점,15시,914,965,15:14,16:05,914.35,15:14,914.35,15:14,959.35,15:59,45,6,11.8,51.0,ratio_duration,601.8000000000001,37.56762877,126.9795662,서소문청사_지상
토요일,4,1,13,청계3 노상공영주차장(코리아몰 앞),청계3_코리아몰앞,16시,975,1016,16:15,16:56,975.0,16:15,975.0,16:15,1016.0,16:56,41,14,27.5,41.0,ratio_duration,1127.5,37.56896427,127.0020909,기업은행_무교지점
토요일,4,1,14,을지로 노상공영주차장(신한은행 앞),을지로_신한은행앞,17시,1028,1051,17:08,17:31,1028.0,17:08,1028.0,17:08,1051.0,17:31,23,5,9.8,23.0,ratio_duration,225.4,37.56710245,127.0017882,청계3_코리아몰앞
토요일,4,1,15,훈련원공원 노상공영주차장,훈련원공원,17시,1059,1088,17:39,18:08,1060.0,17:40,1060.0,17:40,1088.0,18:08,28,12,23.5,28.0,ratio_duration,658.0,37.56692913,127.0043893,을지로_신한은행앞
토요일,4,1,16,훈련원공원 노상공영주차장,훈련원공원,18시,1125,1169,18:45,19:29,1125.0,18:45,1125.0,18:45,1169.0,19:29,44,15,29.4,44.0,ratio_duration,1293.6,37.56692913,127.0043893,훈련원공원
토요일,4,1,17,을지로 노상공영주차장(신한은행 앞),을지로_신한은행앞,19시,1172,1209,19:32,20:09,1172.0,19:32,1172.0,19:32,1209.0,20:09,37,11,21.6,37.0,ratio_duration,799.2,37.56710245,127.0017882,훈련원공원
토요일,4,1,18,훈련원공원 노상공영주차장,훈련원공원,20시,1231,1266,20:31,21:06,1231.0,20:31,1231.0,20:31,1266.0,21:06,35,14,27.5,35.0,ratio_duration,962.5,37.56692913,127.0043893,을지로_신한은행앞
토요일,4,1,19,청계5 노상공영주차장,청계5,21시,1273,1276,21:13,21:16,1274.0,21:14,1274.0,21:14,1276.0,21:16,2,2,3.9,2.0,ratio_duration,7.8,37.5681412,127.0024362,훈련원공원
토요일,4,1,20,을지로 노상공영주차장(하나은행 앞),을지로_하나은행앞,21시,1291,1305,21:31,21:45,1291.0,21:31,1291.0,21:31,1305.0,21:45,14,7,13.7,14.0,ratio_duration,191.79999999999998,37.56680167,126.9966063,청계5
토요일,4,2,1,을지로 노상공영주차장(하나은행 앞),을지로_하나은행앞,06시,374,385,06:14,06:25,374.0,06:14,374.0,06:14,385.0,06:25,11,4,7.8,11.0,ratio_duration,85.8,37.56680167,126.9966063,청계3_코리아몰앞
토요일,4,2,2,기업은행 무교지점 앞 가로등형 충전소,기업은행_무교지점,06시,412,453,06:52,07:33,412.0,06:52,412.0,06:52,453.0,07:33,41,3,5.9,41.0,ratio_duration,241.9,37.56762877,126.9795662,을지로_하나은행앞
토요일,4,2,3,기업은행 무교지점 앞 가로등형 충전소,기업은행_무교지점,07시,467,508,07:47,08:28,467.0,07:47,467.0,07:47,508.0,08:28,41,6,11.8,41.0,ratio_duration,483.8,37.56762877,126.9795662,기업은행_무교지점
토요일,4,2,4,훈련원공원 노상공영주차장,훈련원공원,08시,521,589,08:41,09:49,521.0,08:41,521.0,08:41,566.0,09:26,45,16,31.4,67.0,ratio_duration,2103.7999999999997,37.56692913,127.0043893,기업은행_무교지점
토요일,4,2,5,을지로 노상공영주차장(하나은행 앞),을지로_하나은행앞,09시,575,618,09:35,10:18,575.0,09:35,575.0,09:35,618.0,10:18,43,15,29.4,43.0,ratio_duration,1264.2,37.56680167,126.9966063,훈련원공원
토요일,4,2,6,청계3 노상공영주차장(코리아몰 앞),청계3_코리아몰앞,10시,626,660,10:26,11:00,626.0,10:26,626.0,10:26,660.0,11:00,34,23,45.1,34.0,ratio_duration,1533.4,37.56896427,127.0020909,을지로_하나은행앞
토요일,4,2,7,청계3 노상공영주차장(코리아몰 앞),청계3_코리아몰앞,11시,691,739,11:31,12:19,693.9,11:34,693.9,11:34,738.9,12:19,45,14,27.5,48.0,ratio_duration,1320.0,37.56896427,127.0020909,청계3_코리아몰앞
토요일,4,2,8,훈련원공원 노상공영주차장,훈련원공원,12시,747,788,12:27,13:08,747.0,12:27,747.0,12:27,788.0,13:08,41,11,21.6,41.0,ratio_duration,885.6,37.56692913,127.0043893,청계3_코리아몰앞
토요일,4,2,9,훈련원공원 노상공영주차장,훈련원공원,13시,797,836,13:17,13:56,797.0,13:17,797.0,13:17,836.0,13:56,39,11,21.6,39.0,ratio_duration,842.4000000000001,37.56692913,127.0043893,훈련원공원
토요일,4,2,10,청계3 노상공영주차장(코리아몰 앞),청계3_코리아몰앞,14시,868,912,14:28,15:12,868.0,14:28,868.0,14:28,912.0,15:12,44,20,39.2,44.0,ratio_duration,1724.8000000000002,37.56896427,127.0020909,훈련원공원
토요일,4,2,11,을지로 노상공영주차장(하나은행 앞),을지로_하나은행앞,15시,931,964,15:31,16:04,932.0,15:32,932.0,15:32,964.0,16:04,32,14,27.5,32.0,ratio_duration,880.0,37.56680167,126.9966063,청계3_코리아몰앞
토요일,4,2,12,을지로 노상공영주차장(신한은행 앞),을지로_신한은행앞,16시,1003,1047,16:43,17:27,1003.0,16:43,1003.0,16:43,1047.0,17:27,44,7,13.7,44.0,ratio_duration,602.8,37.56710245,127.0017882,을지로_하나은행앞
토요일,4,2,13,청계3 노상공영주차장(고려상사 앞),청계3_고려상사앞,17시,1046,1095,17:26,18:15,1050.0,17:30,1050.0,17:30,1095.0,18:15,45,4,7.8,48.0,ratio_duration,374.4,37.56822248,127.0018662,을지로_신한은행앞
토요일,4,2,14,기업은행 무교지점 앞 가로등형 충전소,기업은행_무교지점,18시,1109,1160,18:29,19:20,1115.0,18:35,1115.0,18:35,1160.0,19:20,45,8,15.7,50.0,ratio_duration,785.0,37.56762877,126.9795662,청계3_고려상사앞
토요일,4,2,15,훈련원공원 노상공영주차장,훈련원공원,19시,1171,1221,19:31,20:21,1176.0,19:36,1176.0,19:36,1221.0,20:21,45,12,23.5,50.0,ratio_duration,1175.0,37.56692913,127.0043893,기업은행_무교지점
토요일,4,2,16,을지로 노상공영주차장(신한은행 앞),을지로_신한은행앞,20시,1228,1264,20:28,21:04,1228.0,20:28,1228.0,20:28,1264.0,21:04,36,9,17.6,36.0,ratio_duration,633.6,37.56710245,127.0017882,훈련원공원
토요일,4,2,17,기업은행 무교지점 앞 가로등형 충전소,기업은행_무교지점,21시,1284,1303,21:24,21:43,1284.0,21:24,1284.0,21:24,1303.0,21:43,19,23,45.1,19.0,ratio_duration,856.9,37.56762877,126.9795662,을지로_신한은행앞
토요일,4,3,1,훈련원공원 노상공영주차장,훈련원공원,06시,392,412,06:32,06:52,392.0,06:32,392.0,06:32,412.0,06:52,20,5,9.8,20.0,ratio_duration,196.0,37.56692913,127.0043893,청계3_코리아몰앞
토요일,4,3,2,훈련원공원 노상공영주차장,훈련원공원,07시,458,485,07:38,08:05,458.0,07:38,458.0,07:38,485.0,08:05,27,14,27.5,27.0,ratio_duration,742.5,37.56692913,127.0043893,훈련원공원
토요일,4,3,3,청계3 노상공영주차장(고려상사 앞),청계3_고려상사앞,08시,498,517,08:18,08:37,498.0,08:18,498.0,08:18,517.0,08:37,19,8,15.7,19.0,ratio_duration,298.3,37.56822248,127.0018662,훈련원공원
토요일,4,3,4,청계5 노상공영주차장,청계5,08시,525,543,08:45,09:03,525.0,08:45,525.0,08:45,543.0,09:03,18,6,11.8,18.0,ratio_duration,212.4,37.5681412,127.0024362,청계3_고려상사앞
토요일,4,3,5,훈련원공원 노상공영주차장,훈련원공원,09시,557,602,09:17,10:02,557.0,09:17,557.0,09:17,602.0,10:02,45,31,60.8,45.0,ratio_duration,2736.0,37.56692913,127.0043893,청계5
토요일,4,3,6,훈련원공원 노상공영주차장,훈련원공원,10시,626,654,10:26,10:54,627.0,10:27,627.0,10:27,654.0,10:54,27,10,19.6,27.0,ratio_duration,529.2,37.56692913,127.0043893,훈련원공원
토요일,4,3,7,청계8가 노상공영주차장,청계8가,11시,704,739,11:44,12:19,704.0,11:44,704.0,11:44,739.0,12:19,35,11,21.6,35.0,ratio_duration,756.0,37.56980089,127.0163871,훈련원공원
토요일,4,3,8,청계3 노상공영주차장(코리아몰 앞),청계3_코리아몰앞,12시,762,783,12:42,13:03,762.0,12:42,762.0,12:42,783.0,13:03,21,19,37.3,21.0,ratio_duration,783.3,37.56896427,127.0020909,청계8가
토요일,4,3,9,청계3 노상공영주차장(코리아몰 앞),청계3_코리아몰앞,13시,814,844,13:34,14:04,814.0,13:34,814.0,13:34,844.0,14:04,30,13,25.5,30.0,ratio_duration,765.0,37.56896427,127.0020909,청계3_코리아몰앞
토요일,4,3,10,을지로 노상공영주차장(하나은행 앞),을지로_하나은행앞,14시,873,913,14:33,15:13,874.0,14:34,874.0,14:34,913.0,15:13,39,14,27.5,39.0,ratio_duration,1072.5,37.56680167,126.9966063,청계3_코리아몰앞
토요일,4,3,11,을지로 노상공영주차장(신한은행 앞),을지로_신한은행앞,15시,928,955,15:28,15:55,928.0,15:28,928.0,15:28,955.0,15:55,27,9,17.6,27.0,ratio_duration,475.20000000000005,37.56710245,127.0017882,을지로_하나은행앞
토요일,4,3,12,훈련원공원 노상공영주차장,훈련원공원,16시,971,1016,16:11,16:56,971.0,16:11,971.0,16:11,1016.0,16:56,45,11,21.6,45.0,ratio_duration,972.0000000000001,37.56692913,127.0043893,을지로_신한은행앞
토요일,4,3,13,청계3 노상공영주차장(코리아몰 앞),청계3_코리아몰앞,17시,1048,1068,17:28,17:48,1048.0,17:28,1048.0,17:28,1068.0,17:48,20,13,25.5,20.0,ratio_duration,510.0,37.56896427,127.0020909,훈련원공원
토요일,4,3,14,을지로 노상공영주차장(하나은행 앞),을지로_하나은행앞,18시,1121,1177,18:41,19:37,1122.0,18:42,1122.0,18:42,1167.0,19:27,45,6,11.8,56.0,ratio_duration,660.8000000000001,37.56680167,126.9966063,청계3_코리아몰앞
토요일,4,3,15,을지로 노상공영주차장(하나은행 앞),을지로_하나은행앞,19시,1167,1198,19:27,19:58,1167.0,19:27,1167.0,19:27,1198.0,19:58,31,13,25.5,31.0,ratio_duration,790.5,37.56680167,126.9966063,을지로_하나은행앞
토요일,4,3,16,기업은행 무교지점 앞 가로등형 충전소,기업은행_무교지점,20시,1221,1246,20:21,20:46,1221.0,20:21,1221.0,20:21,1246.0,20:46,25,17,33.3,25.0,ratio_duration,832.4999999999999,37.56762877,126.9795662,을지로_하나은행앞
토요일,4,3,17,훈련원공원 노상공영주차장,훈련원공원,21시,1279,1301,21:19,21:41,1279.0,21:19,1279.0,21:19,1301.0,21:41,22,17,33.3,22.0,ratio_duration,732.5999999999999,37.56692913,127.0043893,기업은행_무교지점
토요일,4,4,1,청계3 노상공영주차장(고려상사 앞),청계3_고려상사앞,06시,393,417,06:33,06:57,393.0,06:33,393.0,06:33,417.0,06:57,24,4,7.8,24.0,ratio_duration,187.2,37.56822248,127.0018662,청계3_코리아몰앞
토요일,4,4,2,을지로 노상공영주차장(신한은행 앞),을지로_신한은행앞,06시,403,493,06:43,08:13,417.92,06:58,417.92,06:58,462.92,07:43,45,2,3.9,90.0,ratio_duration,351.0,37.56710245,127.0017882,청계3_고려상사앞
토요일,4,4,3,청계3 노상공영주차장(코리아몰 앞),청계3_코리아몰앞,07시,466,499,07:46,08:19,466.0,07:46,466.0,07:46,499.0,08:19,33,4,7.8,33.0,ratio_duration,257.4,37.56896427,127.0020909,을지로_신한은행앞
토요일,4,4,4,청계3 노상공영주차장(코리아몰 앞),청계3_코리아몰앞,08시,510,553,08:30,09:13,510.0,08:30,510.0,08:30,553.0,09:13,43,12,23.5,43.0,ratio_duration,1010.5,37.56896427,127.0020909,청계3_코리아몰앞
토요일,4,4,5,을지로 노상공영주차장(신한은행 앞),을지로_신한은행앞,09시,565,620,09:25,10:20,566.73,09:27,566.73,09:27,611.73,10:12,45,10,19.6,55.0,ratio_duration,1078.0,37.56710245,127.0017882,청계3_코리아몰앞
토요일,4,4,6,청계5 노상공영주차장,청계5,10시,638,666,10:38,11:06,638.0,10:38,638.0,10:38,666.0,11:06,28,10,19.6,28.0,ratio_duration,548.8000000000001,37.5681412,127.0024362,을지로_신한은행앞
토요일,4,4,7,기업은행 무교지점 앞 가로등형 충전소,기업은행_무교지점,11시,695,732,11:35,12:12,695.0,11:35,695.0,11:35,732.0,12:12,37,13,25.5,37.0,ratio_duration,943.5,37.56762877,126.9795662,청계5
토요일,4,4,8,청계3 노상공영주차장(고려상사 앞),청계3_고려상사앞,12시,753,796,12:33,13:16,753.0,12:33,753.0,12:33,796.0,13:16,43,11,21.6,43.0,ratio_duration,928.8000000000001,37.56822248,127.0018662,기업은행_무교지점
토요일,4,4,9,을지로 노상공영주차장(신한은행 앞),을지로_신한은행앞,13시,807,838,13:27,13:58,807.0,13:27,807.0,13:27,838.0,13:58,31,12,23.5,31.0,ratio_duration,728.5,37.56710245,127.0017882,청계3_고려상사앞
토요일,4,4,10,청계8가 노상공영주차장,청계8가,14시,870,900,14:30,15:00,870.0,14:30,870.0,14:30,900.0,15:00,30,13,25.5,30.0,ratio_duration,765.0,37.56980089,127.0163871,을지로_신한은행앞
토요일,4,4,11,청계5 노상공영주차장,청계5,15시,922,930,15:22,15:30,922.0,15:22,922.0,15:22,930.0,15:30,8,3,5.9,8.0,ratio_duration,47.2,37.5681412,127.0024362,청계8가
토요일,4,4,12,훈련원공원 노상공영주차장,훈련원공원,15시,937,969,15:37,16:09,937.0,15:37,937.0,15:37,969.0,16:09,32,12,23.5,32.0,ratio_duration,752.0,37.56692913,127.0043893,청계5
토요일,4,4,13,기업은행 무교지점 앞 가로등형 충전소,기업은행_무교지점,16시,996,1045,16:36,17:25,1000.0,16:40,1000.0,16:40,1045.0,17:25,45,8,15.7,49.0,ratio_duration,769.3,37.56762877,126.9795662,훈련원공원
토요일,4,4,14,기업은행 무교지점 앞 가로등형 충전소,기업은행_무교지점,17시,1044,1093,17:24,18:13,1048.0,17:28,1048.0,17:28,1093.0,18:13,45,8,15.7,49.0,ratio_duration,769.3,37.56762877,126.9795662,기업은행_무교지점
토요일,4,4,15,청계3 노상공영주차장(코리아몰 앞),청계3_코리아몰앞,18시,1118,1142,18:38,19:02,1119.0,18:39,1119.0,18:39,1142.0,19:02,23,12,23.5,23.0,ratio_duration,540.5,37.56896427,127.0020909,기업은행_무교지점
토요일,4,4,16,청계3 노상공영주차장(코리아몰 앞),청계3_코리아몰앞,19시,1158,1201,19:18,20:01,1158.0,19:18,1158.0,19:18,1201.0,20:01,43,11,21.6,43.0,ratio_duration,928.8000000000001,37.56896427,127.0020909,청계3_코리아몰앞
토요일,4,4,17,청계3 노상공영주차장(코리아몰 앞),청계3_코리아몰앞,20시,1229,1259,20:29,20:59,1229.0,20:29,1229.0,20:29,1259.0,20:59,30,17,33.3,30.0,ratio_duration,998.9999999999999,37.56896427,127.0020909,청계3_코리아몰앞
토요일,4,4,18,청계3 노상공영주차장(코리아몰 앞),청계3_코리아몰앞,21시,1271,1290,21:11,21:30,1271.0,21:11,1271.0,21:11,1290.0,21:30,19,6,11.8,19.0,ratio_duration,224.20000000000002,37.56896427,127.0020909,청계3_코리아몰앞
토요일,4,4,19,을지로 노상공영주차장(신한은행 앞),을지로_신한은행앞,21시,1300,1315,21:40,21:55,1300.0,21:40,1300.0,21:40,1315.0,21:55,15,13,25.5,15.0,ratio_duration,382.5,37.56710245,127.0017882,청계3_코리아몰앞
토요일,5,1,1,청계3 노상공영주차장(코리아몰 앞),청계3_코리아몰앞,06시,379,419,06:19,06:59,379.0,06:19,379.0,06:19,419.0,06:59,40,7,13.7,40.0,ratio_duration,548.0,37.56896427,127.0020909,청계3_코리아몰앞
토요일,5,1,2,을지로 노상공영주차장(신한은행 앞),을지로_신한은행앞,07시,435,477,07:15,07:57,435.0,07:15,435.0,07:15,476.0,07:56,41,4,7.8,41.0,ratio_duration,319.8,37.56710245,127.0017882,청계3_코리아몰앞
토요일,5,1,3,기업은행 무교지점 앞 가로등형 충전소,기업은행_무교지점,08시,502,540,08:22,09:00,502.0,08:22,502.0,08:22,540.0,09:00,38,3,5.9,38.0,ratio_duration,224.20000000000002,37.56762877,126.9795662,을지로_신한은행앞
토요일,5,1,4,기업은행 무교지점 앞 가로등형 충전소,기업은행_무교지점,09시,575,633,09:35,10:33,577.32,09:37,577.32,09:37,622.32,10:22,45,18,35.3,58.0,ratio_duration,2047.3999999999999,37.56762877,126.9795662,기업은행_무교지점
토요일,5,1,5,기업은행 무교지점 앞 가로등형 충전소,기업은행_무교지점,10시,622,672,10:22,11:12,623.9,10:24,623.9,10:24,668.9,11:09,45,20,39.2,50.0,ratio_duration,1960.0000000000002,37.56762877,126.9795662,기업은행_무교지점
토요일,5,1,6,기업은행 무교지점 앞 가로등형 충전소,기업은행_무교지점,11시,695,732,11:35,12:12,695.0,11:35,695.0,11:35,732.0,12:12,37,13,25.5,37.0,ratio_duration,943.5,37.56762877,126.9795662,기업은행_무교지점
토요일,5,1,7,훈련원공원 노상공영주차장,훈련원공원,12시,747,788,12:27,13:08,747.0,12:27,747.0,12:27,788.0,13:08,41,11,21.6,41.0,ratio_duration,885.6,37.56692913,127.0043893,기업은행_무교지점
토요일,5,1,8,훈련원공원 노상공영주차장,훈련원공원,13시,797,836,13:17,13:56,797.0,13:17,797.0,13:17,836.0,13:56,39,11,21.6,39.0,ratio_duration,842.4000000000001,37.56692913,127.0043893,훈련원공원
토요일,5,1,9,을지로 노상공영주차장(신한은행 앞),을지로_신한은행앞,14시,868,887,14:28,14:47,868.0,14:28,868.0,14:28,887.0,14:47,19,25,49.0,19.0,ratio_duration,931.0,37.56710245,127.0017882,훈련원공원
토요일,5,1,10,서소문청사(지상),서소문청사_지상,14시,897,903,14:57,15:03,897.0,14:57,897.0,14:57,903.0,15:03,6,1,2.0,6.0,ratio_duration,12.0,37.56455419,126.9756136,을지로_신한은행앞
토요일,5,1,11,청계5 노상공영주차장,청계5,15시,922,930,15:22,15:30,922.0,15:22,922.0,15:22,930.0,15:30,8,3,5.9,8.0,ratio_duration,47.2,37.5681412,127.0024362,서소문청사_지상
토요일,5,1,12,훈련원공원 노상공영주차장,훈련원공원,15시,937,969,15:37,16:09,937.0,15:37,937.0,15:37,969.0,16:09,32,12,23.5,32.0,ratio_duration,752.0,37.56692913,127.0043893,청계5
토요일,5,1,13,청계3 노상공영주차장(고려상사 앞),청계3_고려상사앞,16시,996,1029,16:36,17:09,996.0,16:36,996.0,16:36,1029.0,17:09,33,6,11.8,33.0,ratio_duration,389.40000000000003,37.56822248,127.0018662,훈련원공원
토요일,5,1,14,청계3 노상공영주차장(코리아몰 앞),청계3_코리아몰앞,17시,1048,1068,17:28,17:48,1048.0,17:28,1048.0,17:28,1068.0,17:48,20,13,25.5,20.0,ratio_duration,510.0,37.56896427,127.0020909,청계3_고려상사앞
토요일,5,1,15,청계8가 노상공영주차장,청계8가,18시,1122,1167,18:42,19:27,1122.0,18:42,1122.0,18:42,1167.0,19:27,45,6,11.8,45.0,ratio_duration,531.0,37.56980089,127.0163871,청계3_코리아몰앞
토요일,5,1,16,청계3 노상공영주차장(고려상사 앞),청계3_고려상사앞,19시,1188,1226,19:48,20:26,1188.0,19:48,1188.0,19:48,1226.0,20:26,38,8,15.7,38.0,ratio_duration,596.6,37.56822248,127.0018662,청계8가
토요일,5,1,17,청계3 노상공영주차장(코리아몰 앞),청계3_코리아몰앞,20시,1229,1259,20:29,20:59,1229.0,20:29,1229.0,20:29,1259.0,20:59,30,17,33.3,30.0,ratio_duration,998.9999999999999,37.56896427,127.0020909,청계3_고려상사앞
토요일,5,1,18,청계5 노상공영주차장,청계5,21시,1273,1276,21:13,21:16,1274.0,21:14,1274.0,21:14,1276.0,21:16,2,2,3.9,2.0,ratio_duration,7.8,37.5681412,127.0024362,청계3_코리아몰앞
토요일,5,1,19,청계3 노상공영주차장(고려상사 앞),청계3_고려상사앞,21시,1290,1294,21:30,21:34,1290.0,21:30,1290.0,21:30,1294.0,21:34,4,3,5.9,4.0,ratio_duration,23.6,37.56822248,127.0018662,청계5
토요일,5,1,20,을지로 노상공영주차장(신한은행 앞),을지로_신한은행앞,21시,1300,1315,21:40,21:55,1300.0,21:40,1300.0,21:40,1315.0,21:55,15,13,25.5,15.0,ratio_duration,382.5,37.56710245,127.0017882,청계3_고려상사앞
토요일,5,2,1,을지로 노상공영주차장(하나은행 앞),을지로_하나은행앞,06시,374,385,06:14,06:25,374.0,06:14,374.0,06:14,385.0,06:25,11,4,7.8,11.0,ratio_duration,85.8,37.56680167,126.9966063,청계3_코리아몰앞
토요일,5,2,2,기업은행 무교지점 앞 가로등형 충전소,기업은행_무교지점,06시,412,453,06:52,07:33,412.0,06:52,412.0,06:52,453.0,07:33,41,3,5.9,41.0,ratio_duration,241.9,37.56762877,126.9795662,을지로_하나은행앞
토요일,5,2,3,기업은행 무교지점 앞 가로등형 충전소,기업은행_무교지점,07시,467,508,07:47,08:28,467.0,07:47,467.0,07:47,508.0,08:28,41,6,11.8,41.0,ratio_duration,483.8,37.56762877,126.9795662,기업은행_무교지점
토요일,5,2,4,청계5 노상공영주차장,청계5,08시,525,543,08:45,09:03,525.0,08:45,525.0,08:45,543.0,09:03,18,6,11.8,18.0,ratio_duration,212.4,37.5681412,127.0024362,기업은행_무교지점
토요일,5,2,5,훈련원공원 노상공영주차장,훈련원공원,09시,557,602,09:17,10:02,557.0,09:17,557.0,09:17,602.0,10:02,45,31,60.8,45.0,ratio_duration,2736.0,37.56692913,127.0043893,청계5
토요일,5,2,6,청계3 노상공영주차장(코리아몰 앞),청계3_코리아몰앞,10시,626,660,10:26,11:00,626.0,10:26,626.0,10:26,660.0,11:00,34,23,45.1,34.0,ratio_duration,1533.4,37.56896427,127.0020909,훈련원공원
토요일,5,2,7,청계3 노상공영주차장(코리아몰 앞),청계3_코리아몰앞,11시,691,739,11:31,12:19,693.9,11:34,693.9,11:34,738.9,12:19,45,14,27.5,48.0,ratio_duration,1320.0,37.56896427,127.0020909,청계3_코리아몰앞
토요일,5,2,8,을지로 노상공영주차장(하나은행 앞),을지로_하나은행앞,12시,743,769,12:23,12:49,743.0,12:23,743.0,12:23,769.0,12:49,26,11,21.6,26.0,ratio_duration,561.6,37.56680167,126.9966063,청계3_코리아몰앞
토요일,5,2,9,청계3 노상공영주차장(코리아몰 앞),청계3_코리아몰앞,13시,814,844,13:34,14:04,814.0,13:34,814.0,13:34,844.0,14:04,30,13,25.5,30.0,ratio_duration,765.0,37.56896427,127.0020909,을지로_하나은행앞
토요일,5,2,10,청계8가 노상공영주차장,청계8가,14시,870,900,14:30,15:00,870.0,14:30,870.0,14:30,900.0,15:00,30,13,25.5,30.0,ratio_duration,765.0,37.56980089,127.0163871,청계3_코리아몰앞
토요일,5,2,11,을지로 노상공영주차장(하나은행 앞),을지로_하나은행앞,15시,931,964,15:31,16:04,932.0,15:32,932.0,15:32,964.0,16:04,32,14,27.5,32.0,ratio_duration,880.0,37.56680167,126.9966063,청계8가
토요일,5,2,12,을지로 노상공영주차장(신한은행 앞),을지로_신한은행앞,16시,1003,1047,16:43,17:27,1003.0,16:43,1003.0,16:43,1047.0,17:27,44,7,13.7,44.0,ratio_duration,602.8,37.56710245,127.0017882,을지로_하나은행앞
토요일,5,2,13,청계3 노상공영주차장(고려상사 앞),청계3_고려상사앞,17시,1046,1095,17:26,18:15,1050.0,17:30,1050.0,17:30,1095.0,18:15,45,4,7.8,48.0,ratio_duration,374.4,37.56822248,127.0018662,을지로_신한은행앞
토요일,5,2,14,청계3 노상공영주차장(코리아몰 앞),청계3_코리아몰앞,18시,1118,1142,18:38,19:02,1119.0,18:39,1119.0,18:39,1142.0,19:02,23,12,23.5,23.0,ratio_duration,540.5,37.56896427,127.0020909,청계3_고려상사앞
토요일,5,2,15,청계3 노상공영주차장(코리아몰 앞),청계3_코리아몰앞,19시,1158,1201,19:18,20:01,1158.0,19:18,1158.0,19:18,1201.0,20:01,43,11,21.6,43.0,ratio_duration,928.8000000000001,37.56896427,127.0020909,청계3_코리아몰앞
토요일,5,2,16,기업은행 무교지점 앞 가로등형 충전소,기업은행_무교지점,20시,1221,1246,20:21,20:46,1221.0,20:21,1221.0,20:21,1246.0,20:46,25,17,33.3,25.0,ratio_duration,832.4999999999999,37.56762877,126.9795662,청계3_코리아몰앞
토요일,5,2,17,기업은행 무교지점 앞 가로등형 충전소,기업은행_무교지점,21시,1284,1303,21:24,21:43,1284.0,21:24,1284.0,21:24,1303.0,21:43,19,23,45.1,19.0,ratio_duration,856.9,37.56762877,126.9795662,기업은행_무교지점
토요일,5,3,1,훈련원공원 노상공영주차장,훈련원공원,06시,392,412,06:32,06:52,392.0,06:32,392.0,06:32,412.0,06:52,20,5,9.8,20.0,ratio_duration,196.0,37.56692913,127.0043893,청계3_코리아몰앞
토요일,5,3,2,을지로 노상공영주차장(하나은행 앞),을지로_하나은행앞,07시,448,473,07:28,07:53,448.0,07:28,448.0,07:28,473.0,07:53,25,11,21.6,25.0,ratio_duration,540.0,37.56680167,126.9966063,훈련원공원
토요일,5,3,3,을지로 노상공영주차장(신한은행 앞),을지로_신한은행앞,08시,495,512,08:15,08:32,496.0,08:16,496.0,08:16,512.0,08:32,16,6,11.8,16.0,ratio_duration,188.8,37.56710245,127.0017882,을지로_하나은행앞
토요일,5,3,4,을지로 노상공영주차장(하나은행 앞),을지로_하나은행앞,08시,514,556,08:34,09:16,514.0,08:34,514.0,08:34,556.0,09:16,42,7,13.7,42.0,ratio_duration,575.4,37.56680167,126.9966063,을지로_신한은행앞
토요일,5,3,5,을지로 노상공영주차장(하나은행 앞),을지로_하나은행앞,09시,575,618,09:35,10:18,575.0,09:35,575.0,09:35,618.0,10:18,43,15,29.4,43.0,ratio_duration,1264.2,37.56680167,126.9966063,을지로_하나은행앞
토요일,5,3,6,훈련원공원 노상공영주차장,훈련원공원,10시,626,654,10:26,10:54,627.0,10:27,627.0,10:27,654.0,10:54,27,10,19.6,27.0,ratio_duration,529.2,37.56692913,127.0043893,을지로_하나은행앞
토요일,5,3,7,청계3 노상공영주차장(고려상사 앞),청계3_고려상사앞,11시,682,711,11:22,11:51,683.0,11:23,683.0,11:23,711.0,11:51,28,12,23.5,28.0,ratio_duration,658.0,37.56822248,127.0018662,훈련원공원
토요일,5,3,8,청계3 노상공영주차장(코리아몰 앞),청계3_코리아몰앞,12시,762,783,12:42,13:03,762.0,12:42,762.0,12:42,783.0,13:03,21,19,37.3,21.0,ratio_duration,783.3,37.56896427,127.0020909,청계3_고려상사앞
토요일,5,3,9,기업은행 무교지점 앞 가로등형 충전소,기업은행_무교지점,13시,798,830,13:18,13:50,798.0,13:18,798.0,13:18,830.0,13:50,32,9,17.6,32.0,ratio_duration,563.2,37.56762877,126.9795662,청계3_코리아몰앞
토요일,5,3,10,청계3 노상공영주차장(코리아몰 앞),청계3_코리아몰앞,14시,868,912,14:28,15:12,868.0,14:28,868.0,14:28,912.0,15:12,44,20,39.2,44.0,ratio_duration,1724.8000000000002,37.56896427,127.0020909,기업은행_무교지점
토요일,5,3,11,청계3 노상공영주차장(코리아몰 앞),청계3_코리아몰앞,15시,937,963,15:37,16:03,937.0,15:37,937.0,15:37,963.0,16:03,26,9,17.6,26.0,ratio_duration,457.6,37.56896427,127.0020909,청계3_코리아몰앞
토요일,5,3,12,훈련원공원 노상공영주차장,훈련원공원,16시,971,1016,16:11,16:56,971.0,16:11,971.0,16:11,1016.0,16:56,45,11,21.6,45.0,ratio_duration,972.0000000000001,37.56692913,127.0043893,청계3_코리아몰앞
토요일,5,3,13,을지로 노상공영주차장(하나은행 앞),을지로_하나은행앞,17시,1040,1071,17:20,17:51,1040.0,17:20,1040.0,17:20,1071.0,17:51,31,5,9.8,31.0,ratio_duration,303.8,37.56680167,126.9966063,훈련원공원
토요일,5,3,14,훈련원공원 노상공영주차장,훈련원공원,18시,1125,1169,18:45,19:29,1125.0,18:45,1125.0,18:45,1169.0,19:29,44,15,29.4,44.0,ratio_duration,1293.6,37.56692913,127.0043893,을지로_하나은행앞
토요일,5,3,15,훈련원공원 노상공영주차장,훈련원공원,19시,1171,1221,19:31,20:21,1176.0,19:36,1176.0,19:36,1221.0,20:21,45,12,23.5,50.0,ratio_duration,1175.0,37.56692913,127.0043893,훈련원공원
토요일,5,3,16,훈련원공원 노상공영주차장,훈련원공원,20시,1231,1266,20:31,21:06,1231.0,20:31,1231.0,20:31,1266.0,21:06,35,14,27.5,35.0,ratio_duration,962.5,37.56692913,127.0043893,훈련원공원
토요일,5,3,17,훈련원공원 노상공영주차장,훈련원공원,21시,1279,1301,21:19,21:41,1279.0,21:19,1279.0,21:19,1301.0,21:41,22,17,33.3,22.0,ratio_duration,732.5999999999999,37.56692913,127.0043893,훈련원공원
토요일,5,4,1,을지로 노상공영주차장(신한은행 앞),을지로_신한은행앞,06시,403,493,06:43,08:13,404.3,06:44,404.3,06:44,449.3,07:29,45,2,3.9,90.0,ratio_duration,351.0,37.56710245,127.0017882,청계3_코리아몰앞
토요일,5,4,2,청계3 노상공영주차장(코리아몰 앞),청계3_코리아몰앞,07시,466,499,07:46,08:19,466.0,07:46,466.0,07:46,499.0,08:19,33,4,7.8,33.0,ratio_duration,257.4,37.56896427,127.0020909,을지로_신한은행앞
토요일,5,4,3,청계3 노상공영주차장(코리아몰 앞),청계3_코리아몰앞,08시,510,553,08:30,09:13,510.0,08:30,510.0,08:30,553.0,09:13,43,12,23.5,43.0,ratio_duration,1010.5,37.56896427,127.0020909,청계3_코리아몰앞
토요일,5,4,4,을지로 노상공영주차장(신한은행 앞),을지로_신한은행앞,09시,565,620,09:25,10:20,566.3,09:26,566.3,09:26,611.3,10:11,45,10,19.6,55.0,ratio_duration,1078.0,37.56710245,127.0017882,청계3_코리아몰앞
토요일,5,4,5,청계5 노상공영주차장,청계5,10시,638,666,10:38,11:06,638.0,10:38,638.0,10:38,666.0,11:06,28,10,19.6,28.0,ratio_duration,548.8000000000001,37.5681412,127.0024362,을지로_신한은행앞
토요일,5,4,6,훈련원공원 노상공영주차장,훈련원공원,11시,680,709,11:20,11:49,680.0,11:20,680.0,11:20,709.0,11:49,29,13,25.5,29.0,ratio_duration,739.5,37.56692913,127.0043893,청계5
토요일,5,4,7,기업은행 무교지점 앞 가로등형 충전소,기업은행_무교지점,12시,746,817,12:26,13:37,753.32,12:33,753.32,12:33,798.32,13:18,45,8,15.7,70.0,ratio_duration,1099.0,37.56762877,126.9795662,훈련원공원
토요일,5,4,8,을지로 노상공영주차장(신한은행 앞),을지로_신한은행앞,13시,807,838,13:27,13:58,807.0,13:27,807.0,13:27,838.0,13:58,31,12,23.5,31.0,ratio_duration,728.5,37.56710245,127.0017882,기업은행_무교지점
토요일,5,4,9,을지로 노상공영주차장(하나은행 앞),을지로_하나은행앞,14시,873,913,14:33,15:13,874.0,14:34,874.0,14:34,913.0,15:13,39,14,27.5,39.0,ratio_duration,1072.5,37.56680167,126.9966063,을지로_신한은행앞
토요일,5,4,10,을지로 노상공영주차장(신한은행 앞),을지로_신한은행앞,15시,928,955,15:28,15:55,928.0,15:28,928.0,15:28,955.0,15:55,27,9,17.6,27.0,ratio_duration,475.20000000000005,37.56710245,127.0017882,을지로_하나은행앞
토요일,5,4,11,청계3 노상공영주차장(코리아몰 앞),청계3_코리아몰앞,16시,975,1016,16:15,16:56,975.0,16:15,975.0,16:15,1016.0,16:56,41,14,27.5,41.0,ratio_duration,1127.5,37.56896427,127.0020909,을지로_신한은행앞
토요일,5,4,12,을지로 노상공영주차장(신한은행 앞),을지로_신한은행앞,17시,1028,1051,17:08,17:31,1028.0,17:08,1028.0,17:08,1051.0,17:31,23,5,9.8,23.0,ratio_duration,225.4,37.56710245,127.0017882,청계3_코리아몰앞
토요일,5,4,13,훈련원공원 노상공영주차장,훈련원공원,17시,1059,1088,17:39,18:08,1060.0,17:40,1060.0,17:40,1088.0,18:08,28,12,23.5,28.0,ratio_duration,658.0,37.56692913,127.0043893,을지로_신한은행앞
토요일,5,4,14,을지로 노상공영주차장(하나은행 앞),을지로_하나은행앞,18시,1121,1177,18:41,19:37,1122.0,18:42,1122.0,18:42,1167.0,19:27,45,6,11.8,56.0,ratio_duration,660.8000000000001,37.56680167,126.9966063,훈련원공원
토요일,5,4,15,을지로 노상공영주차장(하나은행 앞),을지로_하나은행앞,19시,1167,1198,19:27,19:58,1167.0,19:27,1167.0,19:27,1198.0,19:58,31,13,25.5,31.0,ratio_duration,790.5,37.56680167,126.9966063,을지로_하나은행앞
토요일,5,4,16,을지로 노상공영주차장(하나은행 앞),을지로_하나은행앞,20시,1229,1253,20:29,20:53,1230.0,20:30,1230.0,20:30,1253.0,20:53,23,10,19.6,23.0,ratio_duration,450.8,37.56680167,126.9966063,을지로_하나은행앞
토요일,5,4,17,청계3 노상공영주차장(코리아몰 앞),청계3_코리아몰앞,21시,1271,1290,21:11,21:30,1271.0,21:11,1271.0,21:11,1290.0,21:30,19,6,11.8,19.0,ratio_duration,224.20000000000002,37.56896427,127.0020909,을지로_하나은행앞
토요일,5,5,1,청계3 노상공영주차장(고려상사 앞),청계3_고려상사앞,06시,393,417,06:33,06:57,393.0,06:33,393.0,06:33,417.0,06:57,24,4,7.8,24.0,ratio_duration,187.2,37.56822248,127.0018662,청계3_코리아몰앞
토요일,5,5,2,훈련원공원 노상공영주차장,훈련원공원,07시,458,485,07:38,08:05,458.0,07:38,458.0,07:38,485.0,08:05,27,14,27.5,27.0,ratio_duration,742.5,37.56692913,127.0043893,청계3_고려상사앞
토요일,5,5,3,청계3 노상공영주차장(고려상사 앞),청계3_고려상사앞,08시,498,517,08:18,08:37,498.0,08:18,498.0,08:18,517.0,08:37,19,8,15.7,19.0,ratio_duration,298.3,37.56822248,127.0018662,훈련원공원
토요일,5,5,4,훈련원공원 노상공영주차장,훈련원공원,08시,521,589,08:41,09:49,521.0,08:41,521.0,08:41,566.0,09:26,45,16,31.4,67.0,ratio_duration,2103.7999999999997,37.56692913,127.0043893,청계3_고려상사앞
토요일,5,5,5,청계5 노상공영주차장,청계5,09시,583,608,09:43,10:08,583.0,09:43,583.0,09:43,608.0,10:08,25,13,25.5,25.0,ratio_duration,637.5,37.5681412,127.0024362,훈련원공원
토요일,5,5,6,을지로 노상공영주차장(하나은행 앞),을지로_하나은행앞,10시,628,657,10:28,10:57,628.0,10:28,628.0,10:28,657.0,10:57,29,8,15.7,29.0,ratio_duration,455.29999999999995,37.56680167,126.9966063,청계5
토요일,5,5,7,청계8가 노상공영주차장,청계8가,11시,704,739,11:44,12:19,704.0,11:44,704.0,11:44,739.0,12:19,35,11,21.6,35.0,ratio_duration,756.0,37.56980089,127.0163871,을지로_하나은행앞
토요일,5,5,8,청계3 노상공영주차장(고려상사 앞),청계3_고려상사앞,12시,753,796,12:33,13:16,753.0,12:33,753.0,12:33,796.0,13:16,43,11,21.6,43.0,ratio_duration,928.8000000000001,37.56822248,127.0018662,청계8가
토요일,5,5,9,을지로 노상공영주차장(하나은행 앞),을지로_하나은행앞,13시,812,844,13:32,14:04,812.0,13:32,812.0,13:32,844.0,14:04,32,14,27.5,32.0,ratio_duration,880.0,37.56680167,126.9966063,청계3_고려상사앞
토요일,5,5,10,훈련원공원 노상공영주차장,훈련원공원,14시,872,896,14:32,14:56,873.0,14:33,873.0,14:33,896.0,14:56,23,16,31.4,23.0,ratio_duration,722.1999999999999,37.56692913,127.0043893,을지로_하나은행앞
토요일,5,5,11,기업은행 무교지점 앞 가로등형 충전소,기업은행_무교지점,15시,914,965,15:14,16:05,914.35,15:14,914.35,15:14,959.35,15:59,45,6,11.8,51.0,ratio_duration,601.8000000000001,37.56762877,126.9795662,훈련원공원
토요일,5,5,12,기업은행 무교지점 앞 가로등형 충전소,기업은행_무교지점,16시,996,1045,16:36,17:25,1000.0,16:40,1000.0,16:40,1045.0,17:25,45,8,15.7,49.0,ratio_duration,769.3,37.56762877,126.9795662,기업은행_무교지점
토요일,5,5,13,기업은행 무교지점 앞 가로등형 충전소,기업은행_무교지점,17시,1044,1093,17:24,18:13,1048.0,17:28,1048.0,17:28,1093.0,18:13,45,8,15.7,49.0,ratio_duration,769.3,37.56762877,126.9795662,기업은행_무교지점
토요일,5,5,14,기업은행 무교지점 앞 가로등형 충전소,기업은행_무교지점,18시,1109,1160,18:29,19:20,1115.0,18:35,1115.0,18:35,1160.0,19:20,45,8,15.7,50.0,ratio_duration,785.0,37.56762877,126.9795662,기업은행_무교지점
토요일,5,5,15,을지로 노상공영주차장(신한은행 앞),을지로_신한은행앞,19시,1172,1209,19:32,20:09,1172.0,19:32,1172.0,19:32,1209.0,20:09,37,11,21.6,37.0,ratio_duration,799.2,37.56710245,127.0017882,기업은행_무교지점
토요일,5,5,16,을지로 노상공영주차장(신한은행 앞),을지로_신한은행앞,20시,1228,1264,20:28,21:04,1228.0,20:28,1228.0,20:28,1264.0,21:04,36,9,17.6,36.0,ratio_duration,633.6,37.56710245,127.0017882,을지로_신한은행앞
토요일,5,5,17,을지로 노상공영주차장(하나은행 앞),을지로_하나은행앞,21시,1291,1305,21:31,21:45,1291.0,21:31,1291.0,21:31,1305.0,21:45,14,7,13.7,14.0,ratio_duration,191.79999999999998,37.56680167,126.9966063,을지로_신한은행앞
일요일,1,1,1,을지로 노상공영주차장(신한은행 앞),을지로_신한은행앞,06시,374,404,06:14,06:44,374.0,06:14,374.0,06:14,404.0,06:44,30,4,7.7,30.0,ratio_duration,231.0,37.56710245,127.0017882,청계3_코리아몰앞
일요일,1,1,2,청계8가 노상공영주차장,청계8가,06시,388,537,06:28,08:57,413.0,06:53,413.0,06:53,458.0,07:38,45,1,1.9,149.0,ratio_duration,283.09999999999997,37.56980089,127.0163871,을지로_신한은행앞
일요일,1,1,3,청계8가 노상공영주차장,청계8가,07시,458,490,07:38,08:10,458.0,07:38,458.0,07:38,490.0,08:10,32,7,13.5,32.0,ratio_duration,432.0,37.56980089,127.0163871,청계8가
일요일,1,1,4,을지로 노상공영주차장(신한은행 앞),을지로_신한은행앞,08시,519,547,08:39,09:07,519.0,08:39,519.0,08:39,547.0,09:07,28,7,13.5,28.0,ratio_duration,378.0,37.56710245,127.0017882,청계8가
일요일,1,1,5,청계3 노상공영주차장(코리아몰 앞),청계3_코리아몰앞,09시,574,595,09:34,09:55,574.0,09:34,574.0,09:34,595.0,09:55,21,7,13.5,21.0,ratio_duration,283.5,37.56896427,127.0020909,을지로_신한은행앞
일요일,1,1,6,청계3 노상공영주차장(코리아몰 앞),청계3_코리아몰앞,10시,625,665,10:25,11:05,625.0,10:25,625.0,10:25,665.0,11:05,40,9,17.3,40.0,ratio_duration,692.0,37.56896427,127.0020909,청계3_코리아몰앞
일요일,1,1,7,청계3 노상공영주차장(코리아몰 앞),청계3_코리아몰앞,11시,683,722,11:23,12:02,683.0,11:23,683.0,11:23,722.0,12:02,39,11,21.2,39.0,ratio_duration,826.8,37.56896427,127.0020909,청계3_코리아몰앞
일요일,1,1,8,청계3 노상공영주차장(코리아몰 앞),청계3_코리아몰앞,12시,755,783,12:35,13:03,755.0,12:35,755.0,12:35,783.0,13:03,28,18,34.6,28.0,ratio_duration,968.8000000000001,37.56896427,127.0020909,청계3_코리아몰앞
일요일,1,1,9,청계5 노상공영주차장,청계5,13시,794,813,13:14,13:33,794.0,13:14,794.0,13:14,813.0,13:33,19,7,13.5,19.0,ratio_duration,256.5,37.5681412,127.0024362,청계3_코리아몰앞
일요일,1,1,10,청계3 노상공영주차장(코리아몰 앞),청계3_코리아몰앞,13시,820,856,13:40,14:16,821.0,13:41,821.0,13:41,856.0,14:16,35,18,34.6,35.0,ratio_duration,1211.0,37.56896427,127.0020909,청계5
일요일,1,1,11,청계3 노상공영주차장(코리아몰 앞),청계3_코리아몰앞,14시,872,908,14:32,15:08,872.0,14:32,872.0,14:32,908.0,15:08,36,15,28.8,36.0,ratio_duration,1036.8,37.56896427,127.0020909,청계3_코리아몰앞
일요일,1,1,12,훈련원공원 노상공영주차장,훈련원공원,15시,929,960,15:29,16:00,930.0,15:30,930.0,15:30,960.0,16:00,30,16,30.8,30.0,ratio_duration,924.0,37.56692913,127.0043893,청계3_코리아몰앞
일요일,1,1,13,훈련원공원 노상공영주차장,훈련원공원,16시,996,1045,16:36,17:25,1000.0,16:40,1000.0,16:40,1045.0,17:25,45,17,32.7,49.0,ratio_duration,1602.3000000000002,37.56692913,127.0043893,훈련원공원
일요일,1,1,14,훈련원공원 노상공영주차장,훈련원공원,17시,1050,1108,17:30,18:28,1061.0,17:41,1061.0,17:41,1106.0,18:26,45,12,23.1,58.0,ratio_duration,1339.8000000000002,37.56692913,127.0043893,훈련원공원
일요일,1,1,15,훈련원공원 노상공영주차장,훈련원공원,18시,1106,1147,18:26,19:07,1106.0,18:26,1106.0,18:26,1147.0,19:07,41,15,28.8,41.0,ratio_duration,1180.8,37.56692913,127.0043893,훈련원공원
일요일,1,1,16,청계8가 노상공영주차장,청계8가,19시,1167,1177,19:27,19:37,1167.0,19:27,1167.0,19:27,1177.0,19:37,10,4,7.7,10.0,ratio_duration,77.0,37.56980089,127.0163871,훈련원공원
일요일,1,1,17,훈련원공원 노상공영주차장,훈련원공원,19시,1181,1247,19:41,20:47,1188.42,19:48,1188.42,19:48,1233.42,20:33,45,7,13.5,66.0,ratio_duration,891.0,37.56692913,127.0043893,청계8가
일요일,1,1,18,청계5 노상공영주차장,청계5,20시,1234,1276,20:34,21:16,1235.0,20:35,1235.0,20:35,1276.0,21:16,41,10,19.2,41.0,ratio_duration,787.1999999999999,37.5681412,127.0024362,훈련원공원
일요일,1,1,19,훈련원공원 노상공영주차장,훈련원공원,21시,1293,1316,21:33,21:56,1293.0,21:33,1293.0,21:33,1316.0,21:56,23,15,28.8,23.0,ratio_duration,662.4,37.56692913,127.0043893,청계5
일요일,2,1,1,훈련원공원 노상공영주차장,훈련원공원,06시,392,440,06:32,07:20,392.0,06:32,392.0,06:32,437.0,07:17,45,3,5.8,48.0,ratio_duration,278.4,37.56692913,127.0043893,청계3_코리아몰앞
일요일,2,1,2,을지로 노상공영주차장(신한은행 앞),을지로_신한은행앞,07시,457,471,07:37,07:51,457.0,07:37,457.0,07:37,471.0,07:51,14,7,13.5,14.0,ratio_duration,189.0,37.56710245,127.0017882,훈련원공원
일요일,2,1,3,청계5 노상공영주차장,청계5,08시,512,563,08:32,09:23,517.08,08:37,517.08,08:37,562.08,09:22,45,3,5.8,51.0,ratio_duration,295.8,37.5681412,127.0024362,을지로_신한은행앞
일요일,2,1,4,훈련원공원 노상공영주차장,훈련원공원,09시,579,603,09:39,10:03,579.0,09:39,579.0,09:39,603.0,10:03,24,6,11.5,24.0,ratio_duration,276.0,37.56692913,127.0043893,청계5
일요일,2,1,5,훈련원공원 노상공영주차장,훈련원공원,10시,614,651,10:14,10:51,614.0,10:14,614.0,10:14,651.0,10:51,37,9,17.3,37.0,ratio_duration,640.1,37.56692913,127.0043893,훈련원공원
일요일,2,1,6,청계5 노상공영주차장,청계5,11시,666,678,11:06,11:18,666.0,11:06,666.0,11:06,678.0,11:18,12,2,3.8,12.0,ratio_duration,45.599999999999994,37.5681412,127.0024362,훈련원공원
일요일,2,1,7,을지로 노상공영주차장(하나은행 앞),을지로_하나은행앞,11시,686,731,11:26,12:11,686.0,11:26,686.0,11:26,731.0,12:11,45,8,15.4,45.0,ratio_duration,693.0,37.56680167,126.9966063,청계5
일요일,2,1,8,청계3 노상공영주차장(코리아몰 앞),청계3_코리아몰앞,12시,755,783,12:35,13:03,755.0,12:35,755.0,12:35,783.0,13:03,28,18,34.6,28.0,ratio_duration,968.8000000000001,37.56896427,127.0020909,을지로_하나은행앞
일요일,2,1,9,을지로 노상공영주차장(하나은행 앞),을지로_하나은행앞,13시,807,844,13:27,14:04,807.0,13:27,807.0,13:27,844.0,14:04,37,12,23.1,37.0,ratio_duration,854.7,37.56680167,126.9966063,청계3_코리아몰앞
일요일,2,1,10,을지로 노상공영주차장(하나은행 앞),을지로_하나은행앞,14시,871,912,14:31,15:12,872.0,14:32,872.0,14:32,912.0,15:12,40,10,19.2,40.0,ratio_duration,768.0,37.56680167,126.9966063,을지로_하나은행앞
일요일,2,1,11,청계8가 노상공영주차장,청계8가,15시,933,965,15:33,16:05,933.0,15:33,933.0,15:33,965.0,16:05,32,14,26.9,32.0,ratio_duration,860.8,37.56980089,127.0163871,을지로_하나은행앞
일요일,2,1,12,청계3 노상공영주차장(코리아몰 앞),청계3_코리아몰앞,16시,999,1025,16:39,17:05,999.0,16:39,999.0,16:39,1025.0,17:05,26,15,28.8,26.0,ratio_duration,748.8000000000001,37.56896427,127.0020909,청계8가
일요일,2,1,13,기업은행 무교지점 앞 가로등형 충전소,기업은행_무교지점,17시,1047,1091,17:27,18:11,1047.0,17:27,1047.0,17:27,1091.0,18:11,44,13,25.0,44.0,ratio_duration,1100.0,37.56762877,126.9795662,청계3_코리아몰앞
일요일,2,1,14,청계3 노상공영주차장(코리아몰 앞),청계3_코리아몰앞,18시,1109,1141,18:29,19:01,1109.0,18:29,1109.0,18:29,1141.0,19:01,32,11,21.2,32.0,ratio_duration,678.4,37.56896427,127.0020909,기업은행_무교지점
일요일,2,1,15,을지로 노상공영주차장(신한은행 앞),을지로_신한은행앞,19시,1174,1216,19:34,20:16,1174.0,19:34,1174.0,19:34,1216.0,20:16,42,6,11.5,42.0,ratio_duration,483.0,37.56710245,127.0017882,청계3_코리아몰앞
일요일,2,1,16,훈련원공원 노상공영주차장,훈련원공원,20시,1225,1259,20:25,20:59,1225.0,20:25,1225.0,20:25,1259.0,20:59,34,13,25.0,34.0,ratio_duration,850.0,37.56692913,127.0043893,을지로_신한은행앞
일요일,2,1,17,훈련원공원 노상공영주차장,훈련원공원,21시,1293,1316,21:33,21:56,1293.0,21:33,1293.0,21:33,1316.0,21:56,23,15,28.8,23.0,ratio_duration,662.4,37.56692913,127.0043893,훈련원공원
일요일,2,2,1,을지로 노상공영주차장(신한은행 앞),을지로_신한은행앞,06시,374,404,06:14,06:44,374.0,06:14,374.0,06:14,404.0,06:44,30,4,7.7,30.0,ratio_duration,231.0,37.56710245,127.0017882,청계3_코리아몰앞
일요일,2,2,2,청계8가 노상공영주차장,청계8가,06시,388,537,06:28,08:57,413.0,06:53,413.0,06:53,458.0,07:38,45,1,1.9,149.0,ratio_duration,283.09999999999997,37.56980089,127.0163871,을지로_신한은행앞
일요일,2,2,3,청계8가 노상공영주차장,청계8가,07시,458,490,07:38,08:10,458.0,07:38,458.0,07:38,490.0,08:10,32,7,13.5,32.0,ratio_duration,432.0,37.56980089,127.0163871,청계8가
일요일,2,2,4,을지로 노상공영주차장(신한은행 앞),을지로_신한은행앞,08시,519,547,08:39,09:07,519.0,08:39,519.0,08:39,547.0,09:07,28,7,13.5,28.0,ratio_duration,378.0,37.56710245,127.0017882,청계8가
일요일,2,2,5,청계3 노상공영주차장(코리아몰 앞),청계3_코리아몰앞,09시,574,595,09:34,09:55,574.0,09:34,574.0,09:34,595.0,09:55,21,7,13.5,21.0,ratio_duration,283.5,37.56896427,127.0020909,을지로_신한은행앞
일요일,2,2,6,청계3 노상공영주차장(코리아몰 앞),청계3_코리아몰앞,10시,625,665,10:25,11:05,625.0,10:25,625.0,10:25,665.0,11:05,40,9,17.3,40.0,ratio_duration,692.0,37.56896427,127.0020909,청계3_코리아몰앞
일요일,2,2,7,청계3 노상공영주차장(코리아몰 앞),청계3_코리아몰앞,11시,683,722,11:23,12:02,683.0,11:23,683.0,11:23,722.0,12:02,39,11,21.2,39.0,ratio_duration,826.8,37.56896427,127.0020909,청계3_코리아몰앞
일요일,2,2,8,을지로 노상공영주차장(하나은행 앞),을지로_하나은행앞,12시,744,778,12:24,12:58,744.0,12:24,744.0,12:24,778.0,12:58,34,11,21.2,34.0,ratio_duration,720.8,37.56680167,126.9966063,청계3_코리아몰앞
일요일,2,2,9,청계5 노상공영주차장,청계5,13시,794,813,13:14,13:33,794.0,13:14,794.0,13:14,813.0,13:33,19,7,13.5,19.0,ratio_duration,256.5,37.5681412,127.0024362,을지로_하나은행앞
일요일,2,2,10,청계3 노상공영주차장(코리아몰 앞),청계3_코리아몰앞,13시,820,856,13:40,14:16,821.0,13:41,821.0,13:41,856.0,14:16,35,18,34.6,35.0,ratio_duration,1211.0,37.56896427,127.0020909,청계5
일요일,2,2,11,청계3 노상공영주차장(코리아몰 앞),청계3_코리아몰앞,14시,872,908,14:32,15:08,872.0,14:32,872.0,14:32,908.0,15:08,36,15,28.8,36.0,ratio_duration,1036.8,37.56896427,127.0020909,청계3_코리아몰앞
일요일,2,2,12,훈련원공원 노상공영주차장,훈련원공원,15시,929,960,15:29,16:00,929.43,15:29,929.43,15:29,959.43,15:59,30,16,30.8,30.0,ratio_duration,924.0,37.56692913,127.0043893,청계3_코리아몰앞
일요일,2,2,13,훈련원공원 노상공영주차장,훈련원공원,16시,996,1045,16:36,17:25,1000.0,16:40,1000.0,16:40,1045.0,17:25,45,17,32.7,49.0,ratio_duration,1602.3000000000002,37.56692913,127.0043893,훈련원공원
일요일,2,2,14,훈련원공원 노상공영주차장,훈련원공원,17시,1050,1108,17:30,18:28,1059.46,17:39,1059.46,17:39,1104.46,18:24,45,12,23.1,58.0,ratio_duration,1339.8000000000002,37.56692913,127.0043893,훈련원공원
일요일,2,2,15,훈련원공원 노상공영주차장,훈련원공원,18시,1106,1147,18:26,19:07,1106.0,18:26,1106.0,18:26,1147.0,19:07,41,15,28.8,41.0,ratio_duration,1180.8,37.56692913,127.0043893,훈련원공원
일요일,2,2,16,청계8가 노상공영주차장,청계8가,19시,1167,1177,19:27,19:37,1167.0,19:27,1167.0,19:27,1177.0,19:37,10,4,7.7,10.0,ratio_duration,77.0,37.56980089,127.0163871,훈련원공원
일요일,2,2,17,훈련원공원 노상공영주차장,훈련원공원,19시,1181,1247,19:41,20:47,1188.42,19:48,1188.42,19:48,1233.42,20:33,45,7,13.5,66.0,ratio_duration,891.0,37.56692913,127.0043893,청계8가
일요일,2,2,18,청계5 노상공영주차장,청계5,20시,1234,1276,20:34,21:16,1235.0,20:35,1235.0,20:35,1276.0,21:16,41,10,19.2,41.0,ratio_duration,787.1999999999999,37.5681412,127.0024362,훈련원공원
일요일,2,2,19,을지로 노상공영주차장(하나은행 앞),을지로_하나은행앞,21시,1287,1307,21:27,21:47,1288.0,21:28,1288.0,21:28,1307.0,21:47,19,10,19.2,19.0,ratio_duration,364.8,37.56680167,126.9966063,청계5
일요일,3,1,1,을지로 노상공영주차장(하나은행 앞),을지로_하나은행앞,06시,384,427,06:24,07:07,384.0,06:24,384.0,06:24,427.0,07:07,43,2,3.8,43.0,ratio_duration,163.4,37.56680167,126.9966063,청계3_코리아몰앞
일요일,3,1,2,기업은행 무교지점 앞 가로등형 충전소,기업은행_무교지점,07시,437,466,07:17,07:46,437.0,07:17,437.0,07:17,466.0,07:46,29,5,9.6,29.0,ratio_duration,278.4,37.56762877,126.9795662,을지로_하나은행앞
일요일,3,1,3,훈련원공원 노상공영주차장,훈련원공원,08시,497,545,08:17,09:05,497.2,08:17,497.2,08:17,542.2,09:02,45,3,5.8,48.0,ratio_duration,278.4,37.56692913,127.0043893,기업은행_무교지점
일요일,3,1,4,훈련원공원 노상공영주차장,훈련원공원,09시,579,603,09:39,10:03,579.0,09:39,579.0,09:39,603.0,10:03,24,6,11.5,24.0,ratio_duration,276.0,37.56692913,127.0043893,훈련원공원
일요일,3,1,5,을지로 노상공영주차장(하나은행 앞),을지로_하나은행앞,10시,625,667,10:25,11:07,625.0,10:25,625.0,10:25,667.0,11:07,42,7,13.5,42.0,ratio_duration,567.0,37.56680167,126.9966063,훈련원공원
일요일,3,1,6,청계3 노상공영주차장(코리아몰 앞),청계3_코리아몰앞,11시,683,722,11:23,12:02,683.0,11:23,683.0,11:23,722.0,12:02,39,11,21.2,39.0,ratio_duration,826.8,37.56896427,127.0020909,을지로_하나은행앞
일요일,3,1,7,훈련원공원 노상공영주차장,훈련원공원,12시,748,781,12:28,13:01,748.0,12:28,748.0,12:28,781.0,13:01,33,11,21.2,33.0,ratio_duration,699.6,37.56692913,127.0043893,청계3_코리아몰앞
일요일,3,1,8,청계5 노상공영주차장,청계5,13시,794,813,13:14,13:33,794.0,13:14,794.0,13:14,813.0,13:33,19,7,13.5,19.0,ratio_duration,256.5,37.5681412,127.0024362,훈련원공원
일요일,3,1,9,청계3 노상공영주차장(코리아몰 앞),청계3_코리아몰앞,13시,820,856,13:40,14:16,820.52,13:41,820.52,13:41,855.52,14:16,35,18,34.6,35.0,ratio_duration,1211.0,37.56896427,127.0020909,청계5
일요일,3,1,10,청계3 노상공영주차장(코리아몰 앞),청계3_코리아몰앞,14시,872,908,14:32,15:08,872.0,14:32,872.0,14:32,908.0,15:08,36,15,28.8,36.0,ratio_duration,1036.8,37.56896427,127.0020909,청계3_코리아몰앞
일요일,3,1,11,청계8가 노상공영주차장,청계8가,15시,933,965,15:33,16:05,933.0,15:33,933.0,15:33,965.0,16:05,32,14,26.9,32.0,ratio_duration,860.8,37.56980089,127.0163871,청계3_코리아몰앞
일요일,3,1,12,청계3 노상공영주차장(코리아몰 앞),청계3_코리아몰앞,16시,999,1025,16:39,17:05,999.0,16:39,999.0,16:39,1025.0,17:05,26,15,28.8,26.0,ratio_duration,748.8000000000001,37.56896427,127.0020909,청계8가
일요일,3,1,13,기업은행 무교지점 앞 가로등형 충전소,기업은행_무교지점,17시,1047,1091,17:27,18:11,1047.0,17:27,1047.0,17:27,1091.0,18:11,44,13,25.0,44.0,ratio_duration,1100.0,37.56762877,126.9795662,청계3_코리아몰앞
일요일,3,1,14,청계3 노상공영주차장(코리아몰 앞),청계3_코리아몰앞,18시,1109,1141,18:29,19:01,1109.0,18:29,1109.0,18:29,1141.0,19:01,32,11,21.2,32.0,ratio_duration,678.4,37.56896427,127.0020909,기업은행_무교지점
일요일,3,1,15,청계8가 노상공영주차장,청계8가,19시,1167,1177,19:27,19:37,1167.0,19:27,1167.0,19:27,1177.0,19:37,10,4,7.7,10.0,ratio_duration,77.0,37.56980089,127.0163871,청계3_코리아몰앞
일요일,3,1,16,훈련원공원 노상공영주차장,훈련원공원,19시,1181,1247,19:41,20:47,1188.43,19:48,1188.43,19:48,1233.43,20:33,45,7,13.5,66.0,ratio_duration,891.0,37.56692913,127.0043893,청계8가
일요일,3,1,17,청계5 노상공영주차장,청계5,20시,1234,1276,20:34,21:16,1235.0,20:35,1235.0,20:35,1276.0,21:16,41,10,19.2,41.0,ratio_duration,787.1999999999999,37.5681412,127.0024362,훈련원공원
일요일,3,1,18,청계3 노상공영주차장(코리아몰 앞),청계3_코리아몰앞,21시,1304,1320,21:44,22:00,1305.0,21:45,1305.0,21:45,1320.0,22:00,15,12,23.1,15.0,ratio_duration,346.5,37.56896427,127.0020909,청계5
일요일,3,2,1,을지로 노상공영주차장(신한은행 앞),을지로_신한은행앞,06시,374,404,06:14,06:44,374.0,06:14,374.0,06:14,404.0,06:44,30,4,7.7,30.0,ratio_duration,231.0,37.56710245,127.0017882,청계3_코리아몰앞
일요일,3,2,2,청계8가 노상공영주차장,청계8가,06시,388,537,06:28,08:57,413.0,06:53,413.0,06:53,458.0,07:38,45,1,1.9,149.0,ratio_duration,283.09999999999997,37.56980089,127.0163871,을지로_신한은행앞
일요일,3,2,3,청계8가 노상공영주차장,청계8가,07시,458,490,07:38,08:10,458.0,07:38,458.0,07:38,490.0,08:10,32,7,13.5,32.0,ratio_duration,432.0,37.56980089,127.0163871,청계8가
일요일,3,2,4,을지로 노상공영주차장(신한은행 앞),을지로_신한은행앞,08시,519,547,08:39,09:07,519.0,08:39,519.0,08:39,547.0,09:07,28,7,13.5,28.0,ratio_duration,378.0,37.56710245,127.0017882,청계8가
일요일,3,2,5,을지로 노상공영주차장(하나은행 앞),을지로_하나은행앞,09시,569,588,09:29,09:48,569.0,09:29,569.0,09:29,588.0,09:48,19,6,11.5,19.0,ratio_duration,218.5,37.56680167,126.9966063,을지로_신한은행앞
일요일,3,2,6,청계3 노상공영주차장(코리아몰 앞),청계3_코리아몰앞,10시,625,665,10:25,11:05,625.0,10:25,625.0,10:25,665.0,11:05,40,9,17.3,40.0,ratio_duration,692.0,37.56896427,127.0020909,을지로_하나은행앞
일요일,3,2,7,훈련원공원 노상공영주차장,훈련원공원,11시,694,736,11:34,12:16,694.0,11:34,694.0,11:34,736.0,12:16,42,7,13.5,42.0,ratio_duration,567.0,37.56692913,127.0043893,청계3_코리아몰앞
일요일,3,2,8,을지로 노상공영주차장(하나은행 앞),을지로_하나은행앞,12시,744,778,12:24,12:58,744.0,12:24,744.0,12:24,778.0,12:58,34,11,21.2,34.0,ratio_duration,720.8,37.56680167,126.9966063,훈련원공원
일요일,3,2,9,청계8가 노상공영주차장,청계8가,13시,805,825,13:25,13:45,805.0,13:25,805.0,13:25,825.0,13:45,20,18,34.6,20.0,ratio_duration,692.0,37.56980089,127.0163871,을지로_하나은행앞
일요일,3,2,10,을지로 노상공영주차장(하나은행 앞),을지로_하나은행앞,14시,871,912,14:31,15:12,871.0,14:31,871.0,14:31,911.0,15:11,40,10,19.2,40.0,ratio_duration,768.0,37.56680167,126.9966063,청계8가
일요일,3,2,11,청계3 노상공영주차장(코리아몰 앞),청계3_코리아몰앞,15시,927,954,15:27,15:54,928.0,15:28,928.0,15:28,954.0,15:54,26,10,19.2,26.0,ratio_duration,499.2,37.56896427,127.0020909,을지로_하나은행앞
일요일,3,2,12,을지로 노상공영주차장(신한은행 앞),을지로_신한은행앞,16시,980,1004,16:20,16:44,980.0,16:20,980.0,16:20,1004.0,16:44,24,11,21.2,24.0,ratio_duration,508.79999999999995,37.56710245,127.0017882,청계3_코리아몰앞
일요일,3,2,13,기업은행 무교지점 앞 가로등형 충전소,기업은행_무교지점,16시,1009,1094,16:49,18:14,1011.47,16:51,1011.47,16:51,1056.47,17:36,45,5,9.6,85.0,ratio_duration,816.0,37.56762877,126.9795662,을지로_신한은행앞
일요일,3,2,14,기업은행 무교지점 앞 가로등형 충전소,기업은행_무교지점,18시,1095,1142,18:15,19:02,1097.0,18:17,1097.0,18:17,1142.0,19:02,45,5,9.6,47.0,ratio_duration,451.2,37.56762877,126.9795662,기업은행_무교지점
일요일,3,2,15,을지로 노상공영주차장(신한은행 앞),을지로_신한은행앞,19시,1174,1216,19:34,20:16,1174.0,19:34,1174.0,19:34,1216.0,20:16,42,6,11.5,42.0,ratio_duration,483.0,37.56710245,127.0017882,기업은행_무교지점
일요일,3,2,16,청계3 노상공영주차장(코리아몰 앞),청계3_코리아몰앞,20시,1232,1273,20:32,21:13,1232.0,20:32,1232.0,20:32,1273.0,21:13,41,10,19.2,41.0,ratio_duration,787.1999999999999,37.56896427,127.0020909,을지로_신한은행앞
일요일,3,2,17,을지로 노상공영주차장(하나은행 앞),을지로_하나은행앞,21시,1287,1307,21:27,21:47,1288.0,21:28,1288.0,21:28,1307.0,21:47,19,10,19.2,19.0,ratio_duration,364.8,37.56680167,126.9966063,청계3_코리아몰앞
일요일,3,3,1,훈련원공원 노상공영주차장,훈련원공원,06시,392,440,06:32,07:20,392.0,06:32,392.0,06:32,437.0,07:17,45,3,5.8,48.0,ratio_duration,278.4,37.56692913,127.0043893,청계3_코리아몰앞
일요일,3,3,2,을지로 노상공영주차장(신한은행 앞),을지로_신한은행앞,07시,457,471,07:37,07:51,457.0,07:37,457.0,07:37,471.0,07:51,14,7,13.5,14.0,ratio_duration,189.0,37.56710245,127.0017882,훈련원공원
일요일,3,3,3,청계5 노상공영주차장,청계5,08시,512,563,08:32,09:23,517.08,08:37,517.08,08:37,562.08,09:22,45,3,5.8,51.0,ratio_duration,295.8,37.5681412,127.0024362,을지로_신한은행앞
일요일,3,3,4,청계3 노상공영주차장(코리아몰 앞),청계3_코리아몰앞,09시,574,595,09:34,09:55,574.0,09:34,574.0,09:34,595.0,09:55,21,7,13.5,21.0,ratio_duration,283.5,37.56896427,127.0020909,청계5
일요일,3,3,5,훈련원공원 노상공영주차장,훈련원공원,10시,614,651,10:14,10:51,614.0,10:14,614.0,10:14,651.0,10:51,37,9,17.3,37.0,ratio_duration,640.1,37.56692913,127.0043893,청계3_코리아몰앞
일요일,3,3,6,청계5 노상공영주차장,청계5,11시,666,678,11:06,11:18,666.0,11:06,666.0,11:06,678.0,11:18,12,2,3.8,12.0,ratio_duration,45.599999999999994,37.5681412,127.0024362,훈련원공원
일요일,3,3,7,을지로 노상공영주차장(하나은행 앞),을지로_하나은행앞,11시,686,731,11:26,12:11,686.0,11:26,686.0,11:26,731.0,12:11,45,8,15.4,45.0,ratio_duration,693.0,37.56680167,126.9966063,청계5
일요일,3,3,8,청계3 노상공영주차장(코리아몰 앞),청계3_코리아몰앞,12시,755,783,12:35,13:03,755.0,12:35,755.0,12:35,783.0,13:03,28,18,34.6,28.0,ratio_duration,968.8000000000001,37.56896427,127.0020909,을지로_하나은행앞
일요일,3,3,9,을지로 노상공영주차장(하나은행 앞),을지로_하나은행앞,13시,807,844,13:27,14:04,807.0,13:27,807.0,13:27,844.0,14:04,37,12,23.1,37.0,ratio_duration,854.7,37.56680167,126.9966063,청계3_코리아몰앞
일요일,3,3,10,기업은행 무교지점 앞 가로등형 충전소,기업은행_무교지점,14시,873,901,14:33,15:01,873.0,14:33,873.0,14:33,901.0,15:01,28,14,26.9,28.0,ratio_duration,753.1999999999999,37.56762877,126.9795662,을지로_하나은행앞
일요일,3,3,11,훈련원공원 노상공영주차장,훈련원공원,15시,929,960,15:29,16:00,929.43,15:29,929.43,15:29,959.43,15:59,30,16,30.8,30.0,ratio_duration,924.0,37.56692913,127.0043893,기업은행_무교지점
일요일,3,3,12,훈련원공원 노상공영주차장,훈련원공원,16시,996,1045,16:36,17:25,996.47,16:36,996.47,16:36,1041.47,17:21,45,17,32.7,49.0,ratio_duration,1602.3000000000002,37.56692913,127.0043893,훈련원공원
일요일,3,3,13,훈련원공원 노상공영주차장,훈련원공원,17시,1050,1108,17:30,18:28,1054.12,17:34,1054.12,17:34,1099.12,18:19,45,12,23.1,58.0,ratio_duration,1339.8000000000002,37.56692913,127.0043893,훈련원공원
일요일,3,3,14,훈련원공원 노상공영주차장,훈련원공원,18시,1106,1147,18:26,19:07,1106.0,18:26,1106.0,18:26,1147.0,19:07,41,15,28.8,41.0,ratio_duration,1180.8,37.56692913,127.0043893,훈련원공원
일요일,3,3,15,청계5 노상공영주차장,청계5,19시,1165,1177,19:25,19:37,1165.0,19:25,1165.0,19:25,1177.0,19:37,12,2,3.8,12.0,ratio_duration,45.599999999999994,37.5681412,127.0024362,훈련원공원
일요일,3,3,16,청계3 노상공영주차장(고려상사 앞),청계3_고려상사앞,19시,1184,1221,19:44,20:21,1184.0,19:44,1184.0,19:44,1221.0,20:21,37,4,7.7,37.0,ratio_duration,284.90000000000003,37.56822248,127.0018662,청계5
일요일,3,3,17,훈련원공원 노상공영주차장,훈련원공원,20시,1225,1259,20:25,20:59,1225.0,20:25,1225.0,20:25,1259.0,20:59,34,13,25.0,34.0,ratio_duration,850.0,37.56692913,127.0043893,청계3_고려상사앞
일요일,3,3,18,훈련원공원 노상공영주차장,훈련원공원,21시,1293,1316,21:33,21:56,1293.0,21:33,1293.0,21:33,1316.0,21:56,23,15,28.8,23.0,ratio_duration,662.4,37.56692913,127.0043893,훈련원공원
일요일,4,1,1,을지로 노상공영주차장(하나은행 앞),을지로_하나은행앞,06시,384,427,06:24,07:07,384.0,06:24,384.0,06:24,427.0,07:07,43,2,3.8,43.0,ratio_duration,163.4,37.56680167,126.9966063,청계3_코리아몰앞
일요일,4,1,2,기업은행 무교지점 앞 가로등형 충전소,기업은행_무교지점,07시,437,466,07:17,07:46,437.0,07:17,437.0,07:17,466.0,07:46,29,5,9.6,29.0,ratio_duration,278.4,37.56762877,126.9795662,을지로_하나은행앞
일요일,4,1,3,을지로 노상공영주차장(신한은행 앞),을지로_신한은행앞,08시,519,547,08:39,09:07,519.0,08:39,519.0,08:39,547.0,09:07,28,7,13.5,28.0,ratio_duration,378.0,37.56710245,127.0017882,기업은행_무교지점
일요일,4,1,4,훈련원공원 노상공영주차장,훈련원공원,09시,579,603,09:39,10:03,579.0,09:39,579.0,09:39,603.0,10:03,24,6,11.5,24.0,ratio_duration,276.0,37.56692913,127.0043893,을지로_신한은행앞
일요일,4,1,5,청계3 노상공영주차장(코리아몰 앞),청계3_코리아몰앞,10시,625,665,10:25,11:05,625.0,10:25,625.0,10:25,665.0,11:05,40,9,17.3,40.0,ratio_duration,692.0,37.56896427,127.0020909,훈련원공원
일요일,4,1,6,청계3 노상공영주차장(코리아몰 앞),청계3_코리아몰앞,11시,683,722,11:23,12:02,683.0,11:23,683.0,11:23,722.0,12:02,39,11,21.2,39.0,ratio_duration,826.8,37.56896427,127.0020909,청계3_코리아몰앞
일요일,4,1,7,을지로 노상공영주차장(하나은행 앞),을지로_하나은행앞,12시,744,778,12:24,12:58,744.0,12:24,744.0,12:24,778.0,12:58,34,11,21.2,34.0,ratio_duration,720.8,37.56680167,126.9966063,청계3_코리아몰앞
일요일,4,1,8,청계5 노상공영주차장,청계5,13시,794,813,13:14,13:33,794.0,13:14,794.0,13:14,813.0,13:33,19,7,13.5,19.0,ratio_duration,256.5,37.5681412,127.0024362,을지로_하나은행앞
일요일,4,1,9,청계3 노상공영주차장(코리아몰 앞),청계3_코리아몰앞,13시,820,856,13:40,14:16,820.52,13:41,820.52,13:41,855.52,14:16,35,18,34.6,35.0,ratio_duration,1211.0,37.56896427,127.0020909,청계5
일요일,4,1,10,을지로 노상공영주차장(하나은행 앞),을지로_하나은행앞,14시,871,912,14:31,15:12,871.0,14:31,871.0,14:31,911.0,15:11,40,10,19.2,40.0,ratio_duration,768.0,37.56680167,126.9966063,청계3_코리아몰앞
일요일,4,1,11,훈련원공원 노상공영주차장,훈련원공원,15시,929,960,15:29,16:00,929.43,15:29,929.43,15:29,959.43,15:59,30,16,30.8,30.0,ratio_duration,924.0,37.56692913,127.0043893,을지로_하나은행앞
일요일,4,1,12,을지로 노상공영주차장(신한은행 앞),을지로_신한은행앞,16시,980,1004,16:20,16:44,980.0,16:20,980.0,16:20,1004.0,16:44,24,11,21.2,24.0,ratio_duration,508.79999999999995,37.56710245,127.0017882,훈련원공원
일요일,4,1,13,훈련원공원 노상공영주차장,훈련원공원,17시,1050,1108,17:30,18:28,1059.45,17:39,1059.45,17:39,1104.45,18:24,45,12,23.1,58.0,ratio_duration,1339.8000000000002,37.56692913,127.0043893,을지로_신한은행앞
일요일,4,1,14,청계3 노상공영주차장(고려상사 앞),청계3_고려상사앞,18시,1090,1167,18:10,19:27,1106.19,18:26,1106.19,18:26,1151.19,19:11,45,2,3.8,77.0,ratio_duration,292.59999999999997,37.56822248,127.0018662,훈련원공원
일요일,4,1,15,청계5 노상공영주차장,청계5,19시,1165,1177,19:25,19:37,1165.0,19:25,1165.0,19:25,1177.0,19:37,12,2,3.8,12.0,ratio_duration,45.599999999999994,37.5681412,127.0024362,청계3_고려상사앞
일요일,4,1,16,청계3 노상공영주차장(고려상사 앞),청계3_고려상사앞,19시,1184,1221,19:44,20:21,1184.0,19:44,1184.0,19:44,1221.0,20:21,37,4,7.7,37.0,ratio_duration,284.90000000000003,37.56822248,127.0018662,청계5
일요일,4,1,17,훈련원공원 노상공영주차장,훈련원공원,20시,1225,1259,20:25,20:59,1225.0,20:25,1225.0,20:25,1259.0,20:59,34,13,25.0,34.0,ratio_duration,850.0,37.56692913,127.0043893,청계3_고려상사앞
일요일,4,1,18,청계5 노상공영주차장,청계5,21시,1287,1301,21:27,21:41,1287.0,21:27,1287.0,21:27,1301.0,21:41,14,8,15.4,14.0,ratio_duration,215.6,37.5681412,127.0024362,훈련원공원
일요일,4,1,19,청계3 노상공영주차장(고려상사 앞),청계3_고려상사앞,21시,1307,1314,21:47,21:54,1307.0,21:47,1307.0,21:47,1314.0,21:54,7,1,1.9,7.0,ratio_duration,13.299999999999999,37.56822248,127.0018662,청계5
일요일,4,2,1,을지로 노상공영주차장(신한은행 앞),을지로_신한은행앞,06시,374,404,06:14,06:44,374.0,06:14,374.0,06:14,404.0,06:44,30,4,7.7,30.0,ratio_duration,231.0,37.56710245,127.0017882,청계3_코리아몰앞
일요일,4,2,2,청계3 노상공영주차장(코리아몰 앞),청계3_코리아몰앞,06시,406,420,06:46,07:00,406.0,06:46,406.0,06:46,420.0,07:00,14,3,5.8,14.0,ratio_duration,81.2,37.56896427,127.0020909,을지로_신한은행앞
일요일,4,2,3,을지로 노상공영주차장(신한은행 앞),을지로_신한은행앞,07시,457,471,07:37,07:51,457.0,07:37,457.0,07:37,471.0,07:51,14,7,13.5,14.0,ratio_duration,189.0,37.56710245,127.0017882,청계3_코리아몰앞
일요일,4,2,4,을지로 노상공영주차장(하나은행 앞),을지로_하나은행앞,08시,508,533,08:28,08:53,509.0,08:29,509.0,08:29,533.0,08:53,24,6,11.5,24.0,ratio_duration,276.0,37.56680167,126.9966063,을지로_신한은행앞
일요일,4,2,5,을지로 노상공영주차장(하나은행 앞),을지로_하나은행앞,09시,569,588,09:29,09:48,569.0,09:29,569.0,09:29,588.0,09:48,19,6,11.5,19.0,ratio_duration,218.5,37.56680167,126.9966063,을지로_하나은행앞
일요일,4,2,6,훈련원공원 노상공영주차장,훈련원공원,10시,614,651,10:14,10:51,614.0,10:14,614.0,10:14,651.0,10:51,37,9,17.3,37.0,ratio_duration,640.1,37.56692913,127.0043893,을지로_하나은행앞
일요일,4,2,7,청계5 노상공영주차장,청계5,11시,666,678,11:06,11:18,666.0,11:06,666.0,11:06,678.0,11:18,12,2,3.8,12.0,ratio_duration,45.599999999999994,37.5681412,127.0024362,훈련원공원
일요일,4,2,8,을지로 노상공영주차장(하나은행 앞),을지로_하나은행앞,11시,686,731,11:26,12:11,686.0,11:26,686.0,11:26,731.0,12:11,45,8,15.4,45.0,ratio_duration,693.0,37.56680167,126.9966063,청계5
일요일,4,2,9,청계3 노상공영주차장(코리아몰 앞),청계3_코리아몰앞,12시,755,783,12:35,13:03,755.0,12:35,755.0,12:35,783.0,13:03,28,18,34.6,28.0,ratio_duration,968.8000000000001,37.56896427,127.0020909,을지로_하나은행앞
일요일,4,2,10,청계3 노상공영주차장(고려상사 앞),청계3_고려상사앞,13시,801,832,13:21,13:52,801.0,13:21,801.0,13:21,832.0,13:52,31,11,21.2,31.0,ratio_duration,657.1999999999999,37.56822248,127.0018662,청계3_코리아몰앞
일요일,4,2,11,기업은행 무교지점 앞 가로등형 충전소,기업은행_무교지점,14시,873,901,14:33,15:01,873.0,14:33,873.0,14:33,901.0,15:01,28,14,26.9,28.0,ratio_duration,753.1999999999999,37.56762877,126.9795662,청계3_고려상사앞
일요일,4,2,12,을지로 노상공영주차장(하나은행 앞),을지로_하나은행앞,15시,939,969,15:39,16:09,939.0,15:39,939.0,15:39,969.0,16:09,30,8,15.4,30.0,ratio_duration,462.0,37.56680167,126.9966063,기업은행_무교지점
일요일,4,2,13,훈련원공원 노상공영주차장,훈련원공원,16시,996,1045,16:36,17:25,996.46,16:36,996.46,16:36,1041.46,17:21,45,17,32.7,49.0,ratio_duration,1602.3000000000002,37.56692913,127.0043893,을지로_하나은행앞
일요일,4,2,14,청계3 노상공영주차장(코리아몰 앞),청계3_코리아몰앞,17시,1044,1074,17:24,17:54,1044.0,17:24,1044.0,17:24,1074.0,17:54,30,12,23.1,30.0,ratio_duration,693.0,37.56896427,127.0020909,훈련원공원
일요일,4,2,15,청계3 노상공영주차장(코리아몰 앞),청계3_코리아몰앞,18시,1109,1141,18:29,19:01,1109.0,18:29,1109.0,18:29,1141.0,19:01,32,11,21.2,32.0,ratio_duration,678.4,37.56896427,127.0020909,청계3_코리아몰앞
일요일,4,2,16,을지로 노상공영주차장(신한은행 앞),을지로_신한은행앞,19시,1174,1216,19:34,20:16,1174.0,19:34,1174.0,19:34,1216.0,20:16,42,6,11.5,42.0,ratio_duration,483.0,37.56710245,127.0017882,청계3_코리아몰앞
일요일,4,2,17,청계5 노상공영주차장,청계5,20시,1234,1276,20:34,21:16,1235.0,20:35,1235.0,20:35,1276.0,21:16,41,10,19.2,41.0,ratio_duration,787.1999999999999,37.5681412,127.0024362,을지로_신한은행앞
일요일,4,2,18,청계3 노상공영주차장(코리아몰 앞),청계3_코리아몰앞,21시,1304,1320,21:44,22:00,1305.0,21:45,1305.0,21:45,1320.0,22:00,15,12,23.1,15.0,ratio_duration,346.5,37.56896427,127.0020909,청계5
일요일,4,3,1,훈련원공원 노상공영주차장,훈련원공원,06시,392,440,06:32,07:20,392.0,06:32,392.0,06:32,437.0,07:17,45,3,5.8,48.0,ratio_duration,278.4,37.56692913,127.0043893,청계3_코리아몰앞
일요일,4,3,2,훈련원공원 노상공영주차장,훈련원공원,07시,454,477,07:34,07:57,454.0,07:34,454.0,07:34,477.0,07:57,23,3,5.8,23.0,ratio_duration,133.4,37.56692913,127.0043893,훈련원공원
일요일,4,3,3,훈련원공원 노상공영주차장,훈련원공원,08시,497,545,08:17,09:05,500.0,08:20,500.0,08:20,545.0,09:05,45,3,5.8,48.0,ratio_duration,278.4,37.56692913,127.0043893,훈련원공원
일요일,4,3,4,을지로 노상공영주차장(신한은행 앞),을지로_신한은행앞,09시,574,590,09:34,09:50,574.0,09:34,574.0,09:34,590.0,09:50,16,7,13.5,16.0,ratio_duration,216.0,37.56710245,127.0017882,훈련원공원
일요일,4,3,5,을지로 노상공영주차장(하나은행 앞),을지로_하나은행앞,10시,625,667,10:25,11:07,625.0,10:25,625.0,10:25,667.0,11:07,42,7,13.5,42.0,ratio_duration,567.0,37.56680167,126.9966063,을지로_신한은행앞
일요일,4,3,6,훈련원공원 노상공영주차장,훈련원공원,11시,694,736,11:34,12:16,694.0,11:34,694.0,11:34,736.0,12:16,42,7,13.5,42.0,ratio_duration,567.0,37.56692913,127.0043893,을지로_하나은행앞
일요일,4,3,7,훈련원공원 노상공영주차장,훈련원공원,12시,748,781,12:28,13:01,748.0,12:28,748.0,12:28,781.0,13:01,33,11,21.2,33.0,ratio_duration,699.6,37.56692913,127.0043893,훈련원공원
일요일,4,3,8,을지로 노상공영주차장(하나은행 앞),을지로_하나은행앞,13시,807,844,13:27,14:04,807.0,13:27,807.0,13:27,844.0,14:04,37,12,23.1,37.0,ratio_duration,854.7,37.56680167,126.9966063,훈련원공원
일요일,4,3,9,청계3 노상공영주차장(고려상사 앞),청계3_고려상사앞,14시,874,900,14:34,15:00,875.0,14:35,875.0,14:35,900.0,15:00,25,14,26.9,25.0,ratio_duration,672.5,37.56822248,127.0018662,을지로_하나은행앞
일요일,4,3,10,청계8가 노상공영주차장,청계8가,15시,933,965,15:33,16:05,933.0,15:33,933.0,15:33,965.0,16:05,32,14,26.9,32.0,ratio_duration,860.8,37.56980089,127.0163871,청계3_고려상사앞
일요일,4,3,11,청계3 노상공영주차장(코리아몰 앞),청계3_코리아몰앞,16시,999,1025,16:39,17:05,999.0,16:39,999.0,16:39,1025.0,17:05,26,15,28.8,26.0,ratio_duration,748.8000000000001,37.56896427,127.0020909,청계8가
일요일,4,3,12,기업은행 무교지점 앞 가로등형 충전소,기업은행_무교지점,17시,1047,1091,17:27,18:11,1047.0,17:27,1047.0,17:27,1091.0,18:11,44,13,25.0,44.0,ratio_duration,1100.0,37.56762877,126.9795662,청계3_코리아몰앞
일요일,4,3,13,기업은행 무교지점 앞 가로등형 충전소,기업은행_무교지점,18시,1095,1142,18:15,19:02,1097.0,18:17,1097.0,18:17,1142.0,19:02,45,5,9.6,47.0,ratio_duration,451.2,37.56762877,126.9795662,기업은행_무교지점
일요일,4,3,14,청계8가 노상공영주차장,청계8가,19시,1167,1177,19:27,19:37,1167.0,19:27,1167.0,19:27,1177.0,19:37,10,4,7.7,10.0,ratio_duration,77.0,37.56980089,127.0163871,기업은행_무교지점
일요일,4,3,15,훈련원공원 노상공영주차장,훈련원공원,19시,1181,1247,19:41,20:47,1196.38,19:56,1196.38,19:56,1241.38,20:41,45,7,13.5,66.0,ratio_duration,891.0,37.56692913,127.0043893,청계8가
일요일,4,3,16,을지로 노상공영주차장(신한은행 앞),을지로_신한은행앞,20시,1242,1279,20:42,21:19,1242.0,20:42,1242.0,20:42,1279.0,21:19,37,8,15.4,37.0,ratio_duration,569.8000000000001,37.56710245,127.0017882,훈련원공원
일요일,4,3,17,훈련원공원 노상공영주차장,훈련원공원,21시,1293,1316,21:33,21:56,1293.0,21:33,1293.0,21:33,1316.0,21:56,23,15,28.8,23.0,ratio_duration,662.4,37.56692913,127.0043893,을지로_신한은행앞
일요일,4,4,1,청계8가 노상공영주차장,청계8가,06시,388,537,06:28,08:57,397.58,06:38,397.58,06:38,442.58,07:23,45,1,1.9,149.0,ratio_duration,283.09999999999997,37.56980089,127.0163871,청계3_코리아몰앞
일요일,4,4,2,청계8가 노상공영주차장,청계8가,07시,458,490,07:38,08:10,458.0,07:38,458.0,07:38,490.0,08:10,32,7,13.5,32.0,ratio_duration,432.0,37.56980089,127.0163871,청계8가
일요일,4,4,3,청계5 노상공영주차장,청계5,08시,512,563,08:32,09:23,517.08,08:37,517.08,08:37,562.08,09:22,45,3,5.8,51.0,ratio_duration,295.8,37.5681412,127.0024362,청계8가
일요일,4,4,4,청계3 노상공영주차장(코리아몰 앞),청계3_코리아몰앞,09시,574,595,09:34,09:55,574.0,09:34,574.0,09:34,595.0,09:55,21,7,13.5,21.0,ratio_duration,283.5,37.56896427,127.0020909,청계5
일요일,4,4,5,청계8가 노상공영주차장,청계8가,10시,629,657,10:29,10:57,629.0,10:29,629.0,10:29,657.0,10:57,28,10,19.2,28.0,ratio_duration,537.6,37.56980089,127.0163871,청계3_코리아몰앞
일요일,4,4,6,서소문청사(지상),서소문청사_지상,11시,676,688,11:16,11:28,676.0,11:16,676.0,11:16,688.0,11:28,12,1,1.9,12.0,ratio_duration,22.799999999999997,37.56455419,126.9756136,청계8가
일요일,4,4,7,을지로 노상공영주차장(신한은행 앞),을지로_신한은행앞,11시,700,728,11:40,12:08,700.0,11:40,700.0,11:40,728.0,12:08,28,10,19.2,28.0,ratio_duration,537.6,37.56710245,127.0017882,서소문청사_지상
일요일,4,4,8,을지로 노상공영주차장(신한은행 앞),을지로_신한은행앞,12시,758,793,12:38,13:13,758.0,12:38,758.0,12:38,793.0,13:13,35,10,19.2,35.0,ratio_duration,672.0,37.56710245,127.0017882,을지로_신한은행앞
일요일,4,4,9,청계8가 노상공영주차장,청계8가,13시,805,825,13:25,13:45,805.0,13:25,805.0,13:25,825.0,13:45,20,18,34.6,20.0,ratio_duration,692.0,37.56980089,127.0163871,을지로_신한은행앞
일요일,4,4,10,청계3 노상공영주차장(코리아몰 앞),청계3_코리아몰앞,14시,872,908,14:32,15:08,872.0,14:32,872.0,14:32,908.0,15:08,36,15,28.8,36.0,ratio_duration,1036.8,37.56896427,127.0020909,청계8가
일요일,4,4,11,청계3 노상공영주차장(코리아몰 앞),청계3_코리아몰앞,15시,927,954,15:27,15:54,928.0,15:28,928.0,15:28,954.0,15:54,26,10,19.2,26.0,ratio_duration,499.2,37.56896427,127.0020909,청계3_코리아몰앞
일요일,4,4,12,을지로 노상공영주차장(하나은행 앞),을지로_하나은행앞,16시,972,1005,16:12,16:45,972.06,16:12,972.06,16:12,1004.06,16:44,32,4,7.7,32.0,ratio_duration,246.4,37.56680167,126.9966063,청계3_코리아몰앞
일요일,4,4,13,기업은행 무교지점 앞 가로등형 충전소,기업은행_무교지점,16시,1009,1094,16:49,18:14,1010.73,16:51,1010.73,16:51,1055.73,17:36,45,5,9.6,85.0,ratio_duration,816.0,37.56762877,126.9795662,을지로_하나은행앞
일요일,4,4,14,청계5 노상공영주차장,청계5,17시,1064,1086,17:44,18:06,1064.0,17:44,1064.0,17:44,1086.0,18:06,22,5,9.6,22.0,ratio_duration,211.2,37.5681412,127.0024362,기업은행_무교지점
일요일,4,4,15,훈련원공원 노상공영주차장,훈련원공원,18시,1106,1147,18:26,19:07,1106.0,18:26,1106.0,18:26,1147.0,19:07,41,15,28.8,41.0,ratio_duration,1180.8,37.56692913,127.0043893,청계5
일요일,4,4,16,을지로 노상공영주차장(하나은행 앞),을지로_하나은행앞,19시,1169,1196,19:29,19:56,1169.0,19:29,1169.0,19:29,1196.0,19:56,27,5,9.6,27.0,ratio_duration,259.2,37.56680167,126.9966063,훈련원공원
일요일,4,4,17,청계3 노상공영주차장(코리아몰 앞),청계3_코리아몰앞,20시,1232,1273,20:32,21:13,1232.0,20:32,1232.0,20:32,1273.0,21:13,41,10,19.2,41.0,ratio_duration,787.1999999999999,37.56896427,127.0020909,을지로_하나은행앞
일요일,4,4,18,을지로 노상공영주차장(하나은행 앞),을지로_하나은행앞,21시,1287,1307,21:27,21:47,1288.0,21:28,1288.0,21:28,1307.0,21:47,19,10,19.2,19.0,ratio_duration,364.8,37.56680167,126.9966063,청계3_코리아몰앞
일요일,5,1,1,훈련원공원 노상공영주차장,훈련원공원,06시,392,440,06:32,07:20,392.0,06:32,392.0,06:32,437.0,07:17,45,3,5.8,48.0,ratio_duration,278.4,37.56692913,127.0043893,청계3_코리아몰앞
일요일,5,1,2,훈련원공원 노상공영주차장,훈련원공원,07시,454,477,07:34,07:57,454.0,07:34,454.0,07:34,477.0,07:57,23,3,5.8,23.0,ratio_duration,133.4,37.56692913,127.0043893,훈련원공원
일요일,5,1,3,청계5 노상공영주차장,청계5,08시,512,563,08:32,09:23,518.0,08:38,518.0,08:38,563.0,09:23,45,3,5.8,51.0,ratio_duration,295.8,37.5681412,127.0024362,훈련원공원
일요일,5,1,4,훈련원공원 노상공영주차장,훈련원공원,09시,579,603,09:39,10:03,579.0,09:39,579.0,09:39,603.0,10:03,24,6,11.5,24.0,ratio_duration,276.0,37.56692913,127.0043893,청계5
일요일,5,1,5,을지로 노상공영주차장(신한은행 앞),을지로_신한은행앞,10시,619,653,10:19,10:53,619.0,10:19,619.0,10:19,653.0,10:53,34,7,13.5,34.0,ratio_duration,459.0,37.56710245,127.0017882,훈련원공원
일요일,5,1,6,청계3 노상공영주차장(코리아몰 앞),청계3_코리아몰앞,11시,683,722,11:23,12:02,683.0,11:23,683.0,11:23,722.0,12:02,39,11,21.2,39.0,ratio_duration,826.8,37.56896427,127.0020909,을지로_신한은행앞
일요일,5,1,7,훈련원공원 노상공영주차장,훈련원공원,12시,748,781,12:28,13:01,748.0,12:28,748.0,12:28,781.0,13:01,33,11,21.2,33.0,ratio_duration,699.6,37.56692913,127.0043893,청계3_코리아몰앞
일요일,5,1,8,청계5 노상공영주차장,청계5,13시,794,813,13:14,13:33,794.0,13:14,794.0,13:14,813.0,13:33,19,7,13.5,19.0,ratio_duration,256.5,37.5681412,127.0024362,훈련원공원
일요일,5,1,9,청계3 노상공영주차장(코리아몰 앞),청계3_코리아몰앞,13시,820,856,13:40,14:16,821.0,13:41,821.0,13:41,856.0,14:16,35,18,34.6,35.0,ratio_duration,1211.0,37.56896427,127.0020909,청계5
일요일,5,1,10,청계3 노상공영주차장(고려상사 앞),청계3_고려상사앞,14시,874,900,14:34,15:00,875.0,14:35,875.0,14:35,900.0,15:00,25,14,26.9,25.0,ratio_duration,672.5,37.56822248,127.0018662,청계3_코리아몰앞
일요일,5,1,11,훈련원공원 노상공영주차장,훈련원공원,15시,929,960,15:29,16:00,930.0,15:30,930.0,15:30,960.0,16:00,30,16,30.8,30.0,ratio_duration,924.0,37.56692913,127.0043893,청계3_고려상사앞
일요일,5,1,12,훈련원공원 노상공영주차장,훈련원공원,16시,996,1045,16:36,17:25,996.38,16:36,996.38,16:36,1041.38,17:21,45,17,32.7,49.0,ratio_duration,1602.3000000000002,37.56692913,127.0043893,훈련원공원
일요일,5,1,13,청계3 노상공영주차장(코리아몰 앞),청계3_코리아몰앞,17시,1044,1074,17:24,17:54,1044.0,17:24,1044.0,17:24,1074.0,17:54,30,12,23.1,30.0,ratio_duration,693.0,37.56896427,127.0020909,훈련원공원
일요일,5,1,14,을지로 노상공영주차장(하나은행 앞),을지로_하나은행앞,18시,1115,1144,18:35,19:04,1115.0,18:35,1115.0,18:35,1144.0,19:04,29,5,9.6,29.0,ratio_duration,278.4,37.56680167,126.9966063,청계3_코리아몰앞
일요일,5,1,15,청계5 노상공영주차장,청계5,19시,1165,1177,19:25,19:37,1165.0,19:25,1165.0,19:25,1177.0,19:37,12,2,3.8,12.0,ratio_duration,45.599999999999994,37.5681412,127.0024362,을지로_하나은행앞
일요일,5,1,16,청계3 노상공영주차장(고려상사 앞),청계3_고려상사앞,19시,1184,1221,19:44,20:21,1184.0,19:44,1184.0,19:44,1221.0,20:21,37,4,7.7,37.0,ratio_duration,284.90000000000003,37.56822248,127.0018662,청계5
일요일,5,1,17,청계3 노상공영주차장(코리아몰 앞),청계3_코리아몰앞,20시,1232,1273,20:32,21:13,1232.0,20:32,1232.0,20:32,1273.0,21:13,41,10,19.2,41.0,ratio_duration,787.1999999999999,37.56896427,127.0020909,청계3_고려상사앞
일요일,5,2,1,청계5 노상공영주차장,청계5,06시,394,410,06:34,06:50,394.0,06:34,394.0,06:34,410.0,06:50,16,1,1.9,16.0,ratio_duration,30.4,37.5681412,127.0024362,청계3_코리아몰앞
일요일,5,2,2,을지로 노상공영주차장(신한은행 앞),을지로_신한은행앞,07시,457,471,07:37,07:51,457.0,07:37,457.0,07:37,471.0,07:51,14,7,13.5,14.0,ratio_duration,189.0,37.56710245,127.0017882,청계5
일요일,5,2,3,을지로 노상공영주차장(하나은행 앞),을지로_하나은행앞,08시,508,533,08:28,08:53,509.0,08:29,509.0,08:29,533.0,08:53,24,6,11.5,24.0,ratio_duration,276.0,37.56680167,126.9966063,을지로_신한은행앞
일요일,5,2,4,을지로 노상공영주차장(신한은행 앞),을지로_신한은행앞,09시,574,590,09:34,09:50,574.0,09:34,574.0,09:34,590.0,09:50,16,7,13.5,16.0,ratio_duration,216.0,37.56710245,127.0017882,을지로_하나은행앞
일요일,5,2,5,청계8가 노상공영주차장,청계8가,10시,629,657,10:29,10:57,629.0,10:29,629.0,10:29,657.0,10:57,28,10,19.2,28.0,ratio_duration,537.6,37.56980089,127.0163871,을지로_신한은행앞
일요일,5,2,6,을지로 노상공영주차장(하나은행 앞),을지로_하나은행앞,11시,686,731,11:26,12:11,686.0,11:26,686.0,11:26,731.0,12:11,45,8,15.4,45.0,ratio_duration,693.0,37.56680167,126.9966063,청계8가
일요일,5,2,7,청계3 노상공영주차장(코리아몰 앞),청계3_코리아몰앞,12시,755,783,12:35,13:03,755.0,12:35,755.0,12:35,783.0,13:03,28,18,34.6,28.0,ratio_duration,968.8000000000001,37.56896427,127.0020909,을지로_하나은행앞
일요일,5,2,8,청계8가 노상공영주차장,청계8가,13시,805,825,13:25,13:45,805.0,13:25,805.0,13:25,825.0,13:45,20,18,34.6,20.0,ratio_duration,692.0,37.56980089,127.0163871,청계3_코리아몰앞
일요일,5,2,9,기업은행 무교지점 앞 가로등형 충전소,기업은행_무교지점,14시,873,901,14:33,15:01,873.0,14:33,873.0,14:33,901.0,15:01,28,14,26.9,28.0,ratio_duration,753.1999999999999,37.56762877,126.9795662,청계8가
일요일,5,2,10,을지로 노상공영주차장(하나은행 앞),을지로_하나은행앞,15시,939,969,15:39,16:09,939.0,15:39,939.0,15:39,969.0,16:09,30,8,15.4,30.0,ratio_duration,462.0,37.56680167,126.9966063,기업은행_무교지점
일요일,5,2,11,을지로 노상공영주차장(신한은행 앞),을지로_신한은행앞,16시,980,1004,16:20,16:44,980.0,16:20,980.0,16:20,1004.0,16:44,24,11,21.2,24.0,ratio_duration,508.79999999999995,37.56710245,127.0017882,을지로_하나은행앞
일요일,5,2,12,을지로 노상공영주차장(신한은행 앞),을지로_신한은행앞,17시,1042,1077,17:22,17:57,1042.0,17:22,1042.0,17:22,1077.0,17:57,35,6,11.5,35.0,ratio_duration,402.5,37.56710245,127.0017882,을지로_신한은행앞
일요일,5,2,13,기업은행 무교지점 앞 가로등형 충전소,기업은행_무교지점,18시,1095,1142,18:15,19:02,1097.0,18:17,1097.0,18:17,1142.0,19:02,45,5,9.6,47.0,ratio_duration,451.2,37.56762877,126.9795662,을지로_신한은행앞
일요일,5,2,14,기업은행 무교지점 앞 가로등형 충전소,기업은행_무교지점,19시,1176,1192,19:36,19:52,1176.0,19:36,1176.0,19:36,1192.0,19:52,16,8,15.4,16.0,ratio_duration,246.4,37.56762877,126.9795662,기업은행_무교지점
일요일,5,2,15,훈련원공원 노상공영주차장,훈련원공원,20시,1225,1259,20:25,20:59,1225.0,20:25,1225.0,20:25,1259.0,20:59,34,13,25.0,34.0,ratio_duration,850.0,37.56692913,127.0043893,기업은행_무교지점
일요일,5,2,16,을지로 노상공영주차장(하나은행 앞),을지로_하나은행앞,21시,1287,1307,21:27,21:47,1288.0,21:28,1288.0,21:28,1307.0,21:47,19,10,19.2,19.0,ratio_duration,364.8,37.56680167,126.9966063,훈련원공원
일요일,5,3,1,을지로 노상공영주차장(신한은행 앞),을지로_신한은행앞,06시,374,404,06:14,06:44,374.0,06:14,374.0,06:14,404.0,06:44,30,4,7.7,30.0,ratio_duration,231.0,37.56710245,127.0017882,청계3_코리아몰앞
일요일,5,3,2,청계3 노상공영주차장(코리아몰 앞),청계3_코리아몰앞,06시,406,420,06:46,07:00,406.0,06:46,406.0,06:46,420.0,07:00,14,3,5.8,14.0,ratio_duration,81.2,37.56896427,127.0020909,을지로_신한은행앞
일요일,5,3,3,기업은행 무교지점 앞 가로등형 충전소,기업은행_무교지점,07시,437,466,07:17,07:46,437.0,07:17,437.0,07:17,466.0,07:46,29,5,9.6,29.0,ratio_duration,278.4,37.56762877,126.9795662,청계3_코리아몰앞
일요일,5,3,4,훈련원공원 노상공영주차장,훈련원공원,08시,497,545,08:17,09:05,497.2,08:17,497.2,08:17,542.2,09:02,45,3,5.8,48.0,ratio_duration,278.4,37.56692913,127.0043893,기업은행_무교지점
일요일,5,3,5,청계8가 노상공영주차장,청계8가,09시,549,584,09:09,09:44,549.0,09:09,549.0,09:09,584.0,09:44,35,2,3.8,35.0,ratio_duration,133.0,37.56980089,127.0163871,훈련원공원
일요일,5,3,6,청계3 노상공영주차장(코리아몰 앞),청계3_코리아몰앞,10시,625,665,10:25,11:05,625.0,10:25,625.0,10:25,665.0,11:05,40,9,17.3,40.0,ratio_duration,692.0,37.56896427,127.0020909,청계8가
일요일,5,3,7,훈련원공원 노상공영주차장,훈련원공원,11시,694,736,11:34,12:16,694.0,11:34,694.0,11:34,736.0,12:16,42,7,13.5,42.0,ratio_duration,567.0,37.56692913,127.0043893,청계3_코리아몰앞
일요일,5,3,8,을지로 노상공영주차장(신한은행 앞),을지로_신한은행앞,12시,758,793,12:38,13:13,758.0,12:38,758.0,12:38,793.0,13:13,35,10,19.2,35.0,ratio_duration,672.0,37.56710245,127.0017882,훈련원공원
일요일,5,3,9,훈련원공원 노상공영주차장,훈련원공원,13시,816,836,13:36,13:56,817.0,13:37,817.0,13:37,836.0,13:56,19,10,19.2,19.0,ratio_duration,364.8,37.56692913,127.0043893,을지로_신한은행앞
일요일,5,3,10,청계8가 노상공영주차장,청계8가,14시,868,892,14:28,14:52,868.0,14:28,868.0,14:28,892.0,14:52,24,14,26.9,24.0,ratio_duration,645.5999999999999,37.56980089,127.0163871,훈련원공원
일요일,5,3,11,을지로 노상공영주차장(신한은행 앞),을지로_신한은행앞,15시,940,977,15:40,16:17,940.0,15:40,940.0,15:40,977.0,16:17,37,5,9.6,37.0,ratio_duration,355.2,37.56710245,127.0017882,청계8가
일요일,5,3,12,청계8가 노상공영주차장,청계8가,16시,994,1022,16:34,17:02,994.0,16:34,994.0,16:34,1022.0,17:02,28,6,11.5,28.0,ratio_duration,322.0,37.56980089,127.0163871,을지로_신한은행앞
일요일,5,3,13,훈련원공원 노상공영주차장,훈련원공원,17시,1050,1108,17:30,18:28,1054.12,17:34,1054.12,17:34,1099.12,18:19,45,12,23.1,58.0,ratio_duration,1339.8000000000002,37.56692913,127.0043893,청계8가
일요일,5,3,14,청계3 노상공영주차장(고려상사 앞),청계3_고려상사앞,18시,1090,1167,18:10,19:27,1122.0,18:42,1122.0,18:42,1167.0,19:27,45,2,3.8,77.0,ratio_duration,292.59999999999997,37.56822248,127.0018662,훈련원공원
일요일,5,3,15,을지로 노상공영주차장(신한은행 앞),을지로_신한은행앞,19시,1174,1216,19:34,20:16,1174.0,19:34,1174.0,19:34,1216.0,20:16,42,6,11.5,42.0,ratio_duration,483.0,37.56710245,127.0017882,청계3_고려상사앞
일요일,5,3,16,청계5 노상공영주차장,청계5,20시,1234,1276,20:34,21:16,1235.0,20:35,1235.0,20:35,1276.0,21:16,41,10,19.2,41.0,ratio_duration,787.1999999999999,37.5681412,127.0024362,을지로_신한은행앞
일요일,5,3,17,청계5 노상공영주차장,청계5,21시,1287,1301,21:27,21:41,1287.0,21:27,1287.0,21:27,1301.0,21:41,14,8,15.4,14.0,ratio_duration,215.6,37.5681412,127.0024362,청계5
일요일,5,3,18,청계3 노상공영주차장(고려상사 앞),청계3_고려상사앞,21시,1307,1314,21:47,21:54,1307.0,21:47,1307.0,21:47,1314.0,21:54,7,1,1.9,7.0,ratio_duration,13.299999999999999,37.56822248,127.0018662,청계5
일요일,5,4,1,을지로 노상공영주차장(하나은행 앞),을지로_하나은행앞,06시,384,427,06:24,07:07,384.0,06:24,384.0,06:24,427.0,07:07,43,2,3.8,43.0,ratio_duration,163.4,37.56680167,126.9966063,청계3_코리아몰앞
일요일,5,4,2,청계8가 노상공영주차장,청계8가,07시,458,490,07:38,08:10,458.0,07:38,458.0,07:38,490.0,08:10,32,7,13.5,32.0,ratio_duration,432.0,37.56980089,127.0163871,을지로_하나은행앞
일요일,5,4,3,을지로 노상공영주차장(신한은행 앞),을지로_신한은행앞,08시,519,547,08:39,09:07,519.0,08:39,519.0,08:39,547.0,09:07,28,7,13.5,28.0,ratio_duration,378.0,37.56710245,127.0017882,청계8가
일요일,5,4,4,청계3 노상공영주차장(코리아몰 앞),청계3_코리아몰앞,09시,574,595,09:34,09:55,574.0,09:34,574.0,09:34,595.0,09:55,21,7,13.5,21.0,ratio_duration,283.5,37.56896427,127.0020909,을지로_신한은행앞
일요일,5,4,5,을지로 노상공영주차장(하나은행 앞),을지로_하나은행앞,10시,625,667,10:25,11:07,625.0,10:25,625.0,10:25,667.0,11:07,42,7,13.5,42.0,ratio_duration,567.0,37.56680167,126.9966063,청계3_코리아몰앞
일요일,5,4,6,서소문청사(지상),서소문청사_지상,11시,676,688,11:16,11:28,676.0,11:16,676.0,11:16,688.0,11:28,12,1,1.9,12.0,ratio_duration,22.799999999999997,37.56455419,126.9756136,을지로_하나은행앞
일요일,5,4,7,을지로 노상공영주차장(신한은행 앞),을지로_신한은행앞,11시,700,728,11:40,12:08,700.0,11:40,700.0,11:40,728.0,12:08,28,10,19.2,28.0,ratio_duration,537.6,37.56710245,127.0017882,서소문청사_지상
일요일,5,4,8,을지로 노상공영주차장(하나은행 앞),을지로_하나은행앞,12시,744,778,12:24,12:58,744.0,12:24,744.0,12:24,778.0,12:58,34,11,21.2,34.0,ratio_duration,720.8,37.56680167,126.9966063,을지로_신한은행앞
일요일,5,4,9,청계3 노상공영주차장(고려상사 앞),청계3_고려상사앞,13시,801,832,13:21,13:52,801.0,13:21,801.0,13:21,832.0,13:52,31,11,21.2,31.0,ratio_duration,657.1999999999999,37.56822248,127.0018662,을지로_하나은행앞
일요일,5,4,10,청계3 노상공영주차장(코리아몰 앞),청계3_코리아몰앞,14시,872,908,14:32,15:08,872.0,14:32,872.0,14:32,908.0,15:08,36,15,28.8,36.0,ratio_duration,1036.8,37.56896427,127.0020909,청계3_고려상사앞
일요일,5,4,11,청계8가 노상공영주차장,청계8가,15시,933,965,15:33,16:05,933.0,15:33,933.0,15:33,965.0,16:05,32,14,26.9,32.0,ratio_duration,860.8,37.56980089,127.0163871,청계3_코리아몰앞
일요일,5,4,12,청계3 노상공영주차장(코리아몰 앞),청계3_코리아몰앞,16시,999,1025,16:39,17:05,999.0,16:39,999.0,16:39,1025.0,17:05,26,15,28.8,26.0,ratio_duration,748.8000000000001,37.56896427,127.0020909,청계8가
일요일,5,4,13,기업은행 무교지점 앞 가로등형 충전소,기업은행_무교지점,17시,1047,1091,17:27,18:11,1047.0,17:27,1047.0,17:27,1091.0,18:11,44,13,25.0,44.0,ratio_duration,1100.0,37.56762877,126.9795662,청계3_코리아몰앞
일요일,5,4,14,훈련원공원 노상공영주차장,훈련원공원,18시,1106,1147,18:26,19:07,1106.0,18:26,1106.0,18:26,1147.0,19:07,41,15,28.8,41.0,ratio_duration,1180.8,37.56692913,127.0043893,기업은행_무교지점
일요일,5,4,15,청계8가 노상공영주차장,청계8가,19시,1167,1177,19:27,19:37,1167.0,19:27,1167.0,19:27,1177.0,19:37,10,4,7.7,10.0,ratio_duration,77.0,37.56980089,127.0163871,훈련원공원
일요일,5,4,16,훈련원공원 노상공영주차장,훈련원공원,19시,1181,1247,19:41,20:47,1188.43,19:48,1188.43,19:48,1233.43,20:33,45,7,13.5,66.0,ratio_duration,891.0,37.56692913,127.0043893,청계8가
일요일,5,4,17,을지로 노상공영주차장(신한은행 앞),을지로_신한은행앞,20시,1242,1279,20:42,21:19,1242.0,20:42,1242.0,20:42,1279.0,21:19,37,8,15.4,37.0,ratio_duration,569.8000000000001,37.56710245,127.0017882,훈련원공원
일요일,5,4,18,훈련원공원 노상공영주차장,훈련원공원,21시,1293,1316,21:33,21:56,1293.0,21:33,1293.0,21:33,1316.0,21:56,23,15,28.8,23.0,ratio_duration,662.4,37.56692913,127.0043893,을지로_신한은행앞
일요일,5,5,1,청계8가 노상공영주차장,청계8가,06시,388,537,06:28,08:57,388.0,06:28,388.0,06:28,433.0,07:13,45,1,1.9,149.0,ratio_duration,283.09999999999997,37.56980089,127.0163871,청계3_코리아몰앞
일요일,5,5,2,청계3 노상공영주차장(코리아몰 앞),청계3_코리아몰앞,07시,452,466,07:32,07:46,452.0,07:32,452.0,07:32,466.0,07:46,14,4,7.7,14.0,ratio_duration,107.8,37.56896427,127.0020909,청계8가
일요일,5,5,3,기업은행 무교지점 앞 가로등형 충전소,기업은행_무교지점,08시,504,539,08:24,08:59,504.0,08:24,504.0,08:24,539.0,08:59,35,3,5.8,35.0,ratio_duration,203.0,37.56762877,126.9795662,청계3_코리아몰앞
일요일,5,5,4,을지로 노상공영주차장(하나은행 앞),을지로_하나은행앞,09시,569,588,09:29,09:48,569.0,09:29,569.0,09:29,588.0,09:48,19,6,11.5,19.0,ratio_duration,218.5,37.56680167,126.9966063,기업은행_무교지점
일요일,5,5,5,훈련원공원 노상공영주차장,훈련원공원,10시,614,651,10:14,10:51,614.0,10:14,614.0,10:14,651.0,10:51,37,9,17.3,37.0,ratio_duration,640.1,37.56692913,127.0043893,을지로_하나은행앞
일요일,5,5,6,청계5 노상공영주차장,청계5,11시,666,678,11:06,11:18,666.0,11:06,666.0,11:06,678.0,11:18,12,2,3.8,12.0,ratio_duration,45.599999999999994,37.5681412,127.0024362,훈련원공원
일요일,5,5,7,청계3 노상공영주차장(고려상사 앞),청계3_고려상사앞,11시,699,738,11:39,12:18,700.0,11:40,700.0,11:40,738.0,12:18,38,6,11.5,38.0,ratio_duration,437.0,37.56822248,127.0018662,청계5
일요일,5,5,8,청계3 노상공영주차장(고려상사 앞),청계3_고려상사앞,12시,756,795,12:36,13:15,756.0,12:36,756.0,12:36,795.0,13:15,39,7,13.5,39.0,ratio_duration,526.5,37.56822248,127.0018662,청계3_고려상사앞
일요일,5,5,9,을지로 노상공영주차장(하나은행 앞),을지로_하나은행앞,13시,807,844,13:27,14:04,807.0,13:27,807.0,13:27,844.0,14:04,37,12,23.1,37.0,ratio_duration,854.7,37.56680167,126.9966063,청계3_고려상사앞
일요일,5,5,10,을지로 노상공영주차장(하나은행 앞),을지로_하나은행앞,14시,871,912,14:31,15:12,872.0,14:32,872.0,14:32,912.0,15:12,40,10,19.2,40.0,ratio_duration,768.0,37.56680167,126.9966063,을지로_하나은행앞
일요일,5,5,11,청계3 노상공영주차장(코리아몰 앞),청계3_코리아몰앞,15시,927,954,15:27,15:54,928.0,15:28,928.0,15:28,954.0,15:54,26,10,19.2,26.0,ratio_duration,499.2,37.56896427,127.0020909,을지로_하나은행앞
일요일,5,5,12,을지로 노상공영주차장(하나은행 앞),을지로_하나은행앞,16시,972,1005,16:12,16:45,972.06,16:12,972.06,16:12,1004.06,16:44,32,4,7.7,32.0,ratio_duration,246.4,37.56680167,126.9966063,청계3_코리아몰앞
일요일,5,5,13,기업은행 무교지점 앞 가로등형 충전소,기업은행_무교지점,16시,1009,1094,16:49,18:14,1010.73,16:51,1010.73,16:51,1055.73,17:36,45,5,9.6,85.0,ratio_duration,816.0,37.56762877,126.9795662,을지로_하나은행앞
일요일,5,5,14,청계5 노상공영주차장,청계5,17시,1064,1086,17:44,18:06,1064.0,17:44,1064.0,17:44,1086.0,18:06,22,5,9.6,22.0,ratio_duration,211.2,37.5681412,127.0024362,기업은행_무교지점
일요일,5,5,15,청계3 노상공영주차장(코리아몰 앞),청계3_코리아몰앞,18시,1109,1141,18:29,19:01,1109.0,18:29,1109.0,18:29,1141.0,19:01,32,11,21.2,32.0,ratio_duration,678.4,37.56896427,127.0020909,청계5
일요일,5,5,16,을지로 노상공영주차장(하나은행 앞),을지로_하나은행앞,19시,1169,1196,19:29,19:56,1169.0,19:29,1169.0,19:29,1196.0,19:56,27,5,9.6,27.0,ratio_duration,259.2,37.56680167,126.9966063,청계3_코리아몰앞
일요일,5,5,17,기업은행 무교지점 앞 가로등형 충전소,기업은행_무교지점,20시,1232,1264,20:32,21:04,1232.0,20:32,1232.0,20:32,1264.0,21:04,32,8,15.4,32.0,ratio_duration,492.8,37.56762877,126.9795662,을지로_하나은행앞
일요일,5,5,18,청계3 노상공영주차장(코리아몰 앞),청계3_코리아몰앞,21시,1304,1320,21:44,22:00,1305.0,21:45,1305.0,21:45,1320.0,22:00,15,12,23.1,15.0,ratio_duration,346.5,37.56896427,127.0020909,기업은행_무교지점
공휴일,1,1,1,기업은행 무교지점 앞 가로등형 충전소,기업은행_무교지점,06시,398,439,06:38,07:19,398.0,06:38,398.0,06:38,439.0,07:19,41,2,13.3,41.0,ratio_duration,545.3000000000001,37.56762877,126.9795662,청계3_코리아몰앞
공휴일,1,1,2,훈련원공원 노상공영주차장,훈련원공원,07시,463,485,07:43,08:05,463.0,07:43,463.0,07:43,485.0,08:05,22,3,20.0,22.0,ratio_duration,440.0,37.56692913,127.0043893,기업은행_무교지점
공휴일,1,1,3,훈련원공원 노상공영주차장,훈련원공원,08시,521,561,08:41,09:21,521.0,08:41,521.0,08:41,560.0,09:20,39,4,26.7,39.0,ratio_duration,1041.3,37.56692913,127.0043893,훈련원공원
공휴일,1,1,4,훈련원공원 노상공영주차장,훈련원공원,09시,563,621,09:23,10:21,571.28,09:31,571.28,09:31,616.28,10:16,45,4,26.7,58.0,ratio_duration,1548.6,37.56692913,127.0043893,훈련원공원
공휴일,1,1,5,을지로 노상공영주차장(신한은행 앞),을지로_신한은행앞,10시,617,620,10:17,10:20,617.0,10:17,617.0,10:17,620.0,10:20,3,2,13.3,3.0,ratio_duration,39.900000000000006,37.56710245,127.0017882,훈련원공원
공휴일,1,1,6,청계3 노상공영주차장(코리아몰 앞),청계3_코리아몰앞,10시,630,672,10:30,11:12,630.0,10:30,630.0,10:30,672.0,11:12,42,5,33.3,42.0,ratio_duration,1398.6,37.56896427,127.0020909,을지로_신한은행앞
공휴일,1,1,7,훈련원공원 노상공영주차장,훈련원공원,11시,671,743,11:11,12:23,675.83,11:16,675.83,11:16,720.83,12:01,45,4,26.7,72.0,ratio_duration,1922.3999999999999,37.56692913,127.0043893,청계3_코리아몰앞
공휴일,1,1,8,청계3 노상공영주차장(코리아몰 앞),청계3_코리아몰앞,12시,734,802,12:14,13:22,748.87,12:29,748.87,12:29,793.87,13:14,45,7,46.7,68.0,ratio_duration,3175.6000000000004,37.56896427,127.0020909,훈련원공원
공휴일,1,1,9,을지로 노상공영주차장(신한은행 앞),을지로_신한은행앞,13시,809,826,13:29,13:46,809.0,13:29,809.0,13:29,826.0,13:46,17,4,26.7,17.0,ratio_duration,453.9,37.56710245,127.0017882,청계3_코리아몰앞
공휴일,1,1,10,을지로 노상공영주차장(하나은행 앞),을지로_하나은행앞,13시,821,874,13:41,14:34,829.0,13:49,829.0,13:49,874.0,14:34,45,7,46.7,53.0,ratio_duration,2475.1000000000004,37.56680167,126.9966063,을지로_신한은행앞
공휴일,1,1,11,훈련원공원 노상공영주차장,훈련원공원,14시,891,924,14:51,15:24,891.0,14:51,891.0,14:51,924.0,15:24,33,1,6.7,33.0,ratio_duration,221.1,37.56692913,127.0043893,을지로_하나은행앞
공휴일,1,1,12,훈련원공원 노상공영주차장,훈련원공원,15시,926,956,15:26,15:56,926.0,15:26,926.0,15:26,956.0,15:56,30,6,40.0,30.0,ratio_duration,1200.0,37.56692913,127.0043893,훈련원공원
공휴일,1,1,13,훈련원공원 노상공영주차장,훈련원공원,16시,985,1039,16:25,17:19,994.0,16:34,994.0,16:34,1039.0,17:19,45,6,40.0,53.0,ratio_duration,2120.0,37.56692913,127.0043893,훈련원공원
공휴일,1,1,14,청계3 노상공영주차장(코리아몰 앞),청계3_코리아몰앞,17시,1045,1103,17:25,18:23,1058.0,17:38,1058.0,17:38,1103.0,18:23,45,6,40.0,57.0,ratio_duration,2280.0,37.56896427,127.0020909,훈련원공원
공휴일,1,1,15,훈련원공원 노상공영주차장,훈련원공원,18시,1112,1164,18:32,19:24,1118.07,18:38,1118.07,18:38,1163.07,19:23,45,4,26.7,52.0,ratio_duration,1388.3999999999999,37.56692913,127.0043893,청계3_코리아몰앞
공휴일,1,1,16,기업은행 무교지점 앞 가로등형 충전소,기업은행_무교지점,18시,1133,1289,18:53,21:29,1175.9,19:36,1175.9,19:36,1220.9,20:21,45,1,6.7,156.0,ratio_duration,1045.2,37.56762877,126.9795662,훈련원공원
공휴일,1,1,17,청계5 노상공영주차장,청계5,20시,1230,1248,20:30,20:48,1230.0,20:30,1230.0,20:30,1248.0,20:48,18,4,26.7,18.0,ratio_duration,480.59999999999997,37.5681412,127.0024362,기업은행_무교지점
공휴일,1,1,18,훈련원공원 노상공영주차장,훈련원공원,20시,1213,1317,20:13,21:57,1272.0,21:12,1272.0,21:12,1317.0,21:57,45,4,26.7,104.0,ratio_duration,2776.7999999999997,37.56692913,127.0043893,청계5
공휴일,2,1,1,청계5 노상공영주차장,청계5,06시,384,397,06:24,06:37,384.0,06:24,384.0,06:24,397.0,06:37,13,1,6.7,13.0,ratio_duration,87.10000000000001,37.5681412,127.0024362,청계3_코리아몰앞
공휴일,2,1,2,훈련원공원 노상공영주차장,훈련원공원,06시,415,442,06:55,07:22,415.0,06:55,415.0,06:55,442.0,07:22,27,1,6.7,27.0,ratio_duration,180.9,37.56692913,127.0043893,청계5
공휴일,2,1,3,훈련원공원 노상공영주차장,훈련원공원,07시,463,485,07:43,08:05,463.0,07:43,463.0,07:43,485.0,08:05,22,3,20.0,22.0,ratio_duration,440.0,37.56692913,127.0043893,훈련원공원
공휴일,2,1,4,청계3 노상공영주차장(코리아몰 앞),청계3_코리아몰앞,08시,517,548,08:37,09:08,517.0,08:37,517.0,08:37,548.0,09:08,31,3,20.0,31.0,ratio_duration,620.0,37.56896427,127.0020909,훈련원공원
공휴일,2,1,5,을지로 노상공영주차장(하나은행 앞),을지로_하나은행앞,09시,551,596,09:11,09:56,551.0,09:11,551.0,09:11,596.0,09:56,45,3,20.0,45.0,ratio_duration,900.0,37.56680167,126.9966063,청계3_코리아몰앞
공휴일,2,1,6,을지로 노상공영주차장(신한은행 앞),을지로_신한은행앞,10시,617,620,10:17,10:20,617.0,10:17,617.0,10:17,620.0,10:20,3,2,13.3,3.0,ratio_duration,39.900000000000006,37.56710245,127.0017882,을지로_하나은행앞
공휴일,2,1,7,청계3 노상공영주차장(코리아몰 앞),청계3_코리아몰앞,10시,630,672,10:30,11:12,630.0,10:30,630.0,10:30,672.0,11:12,42,5,33.3,42.0,ratio_duration,1398.6,37.56896427,127.0020909,을지로_신한은행앞
공휴일,2,1,8,청계3 노상공영주차장(코리아몰 앞),청계3_코리아몰앞,11시,706,743,11:46,12:23,706.0,11:46,706.0,11:46,743.0,12:23,37,4,26.7,37.0,ratio_duration,987.9,37.56896427,127.0020909,청계3_코리아몰앞
공휴일,2,1,9,훈련원공원 노상공영주차장,훈련원공원,12시,739,822,12:19,13:42,746.83,12:27,746.83,12:27,791.83,13:12,45,4,26.7,82.0,ratio_duration,2189.4,37.56692913,127.0043893,청계3_코리아몰앞
공휴일,2,1,10,을지로 노상공영주차장(신한은행 앞),을지로_신한은행앞,13시,809,826,13:29,13:46,809.0,13:29,809.0,13:29,826.0,13:46,17,4,26.7,17.0,ratio_duration,453.9,37.56710245,127.0017882,훈련원공원
공휴일,2,1,11,을지로 노상공영주차장(하나은행 앞),을지로_하나은행앞,13시,821,874,13:41,14:34,826.77,13:47,826.77,13:47,871.77,14:32,45,7,46.7,53.0,ratio_duration,2475.1000000000004,37.56680167,126.9966063,을지로_신한은행앞
공휴일,2,1,12,훈련원공원 노상공영주차장,훈련원공원,14시,891,924,14:51,15:24,891.0,14:51,891.0,14:51,924.0,15:24,33,1,6.7,33.0,ratio_duration,221.1,37.56692913,127.0043893,을지로_하나은행앞
공휴일,2,1,13,훈련원공원 노상공영주차장,훈련원공원,15시,926,956,15:26,15:56,926.0,15:26,926.0,15:26,956.0,15:56,30,6,40.0,30.0,ratio_duration,1200.0,37.56692913,127.0043893,훈련원공원
공휴일,2,1,14,청계3 노상공영주차장(코리아몰 앞),청계3_코리아몰앞,16시,971,1015,16:11,16:55,971.0,16:11,971.0,16:11,1014.0,16:54,43,4,26.7,43.0,ratio_duration,1148.1,37.56896427,127.0020909,훈련원공원
공휴일,2,1,15,청계3 노상공영주차장(고려상사 앞),청계3_고려상사앞,16시,1005,1072,16:45,17:52,1016.18,16:56,1016.18,16:56,1061.18,17:41,45,1,6.7,67.0,ratio_duration,448.90000000000003,37.56822248,127.0018662,청계3_코리아몰앞
공휴일,2,1,16,을지로 노상공영주차장(하나은행 앞),을지로_하나은행앞,17시,1050,1130,17:30,18:50,1062.86,17:43,1062.86,17:43,1107.86,18:28,45,3,20.0,80.0,ratio_duration,1600.0,37.56680167,126.9966063,청계3_고려상사앞
공휴일,2,1,17,훈련원공원 노상공영주차장,훈련원공원,18시,1112,1164,18:32,19:24,1116.16,18:36,1116.16,18:36,1161.16,19:21,45,4,26.7,52.0,ratio_duration,1388.3999999999999,37.56692913,127.0043893,을지로_하나은행앞
공휴일,2,1,18,기업은행 무교지점 앞 가로등형 충전소,기업은행_무교지점,18시,1133,1289,18:53,21:29,1175.9,19:36,1175.9,19:36,1220.9,20:21,45,1,6.7,156.0,ratio_duration,1045.2,37.56762877,126.9795662,훈련원공원
공휴일,2,1,19,청계5 노상공영주차장,청계5,20시,1230,1248,20:30,20:48,1230.0,20:30,1230.0,20:30,1248.0,20:48,18,4,26.7,18.0,ratio_duration,480.59999999999997,37.5681412,127.0024362,기업은행_무교지점
공휴일,2,1,20,훈련원공원 노상공영주차장,훈련원공원,20시,1213,1317,20:13,21:57,1272.0,21:12,1272.0,21:12,1317.0,21:57,45,4,26.7,104.0,ratio_duration,2776.7999999999997,37.56692913,127.0043893,청계5
공휴일,2,2,1,기업은행 무교지점 앞 가로등형 충전소,기업은행_무교지점,06시,398,439,06:38,07:19,398.0,06:38,398.0,06:38,439.0,07:19,41,2,13.3,41.0,ratio_duration,545.3000000000001,37.56762877,126.9795662,청계3_코리아몰앞
공휴일,2,2,2,청계8가 노상공영주차장,청계8가,07시,475,505,07:55,08:25,475.0,07:55,475.0,07:55,505.0,08:25,30,1,6.7,30.0,ratio_duration,201.0,37.56980089,127.0163871,기업은행_무교지점
공휴일,2,2,3,훈련원공원 노상공영주차장,훈련원공원,08시,521,561,08:41,09:21,521.0,08:41,521.0,08:41,560.0,09:20,39,4,26.7,39.0,ratio_duration,1041.3,37.56692913,127.0043893,청계8가
공휴일,2,2,4,훈련원공원 노상공영주차장,훈련원공원,09시,563,621,09:23,10:21,573.48,09:33,573.48,09:33,618.48,10:18,45,4,26.7,58.0,ratio_duration,1548.6,37.56692913,127.0043893,훈련원공원
공휴일,2,2,5,기업은행 무교지점 앞 가로등형 충전소,기업은행_무교지점,10시,625,694,10:25,11:34,634.28,10:34,634.28,10:34,679.28,11:19,45,2,13.3,69.0,ratio_duration,917.7,37.56762877,126.9795662,훈련원공원
공휴일,2,2,6,훈련원공원 노상공영주차장,훈련원공원,11시,671,743,11:11,12:23,689.03,11:29,689.03,11:29,734.03,12:14,45,4,26.7,72.0,ratio_duration,1922.3999999999999,37.56692913,127.0043893,기업은행_무교지점
공휴일,2,2,7,청계3 노상공영주차장(코리아몰 앞),청계3_코리아몰앞,12시,734,802,12:14,13:22,736.73,12:17,736.73,12:17,781.73,13:02,45,7,46.7,68.0,ratio_duration,3175.6000000000004,37.56896427,127.0020909,훈련원공원
공휴일,2,2,8,청계3 노상공영주차장(코리아몰 앞),청계3_코리아몰앞,13시,790,839,13:10,13:59,790.0,13:10,790.0,13:10,835.0,13:55,45,4,26.7,49.0,ratio_duration,1308.3,37.56896427,127.0020909,청계3_코리아몰앞
공휴일,2,2,9,청계3 노상공영주차장(코리아몰 앞),청계3_코리아몰앞,14시,868,898,14:28,14:58,868.0,14:28,868.0,14:28,898.0,14:58,30,9,60.0,30.0,ratio_duration,1800.0,37.56896427,127.0020909,청계3_코리아몰앞
공휴일,2,2,10,청계3 노상공영주차장(코리아몰 앞),청계3_코리아몰앞,15시,944,968,15:44,16:08,944.0,15:44,944.0,15:44,968.0,16:08,24,7,46.7,24.0,ratio_duration,1120.8000000000002,37.56896427,127.0020909,청계3_코리아몰앞
공휴일,2,2,11,훈련원공원 노상공영주차장,훈련원공원,16시,985,1039,16:25,17:19,985.0,16:25,985.0,16:25,1030.0,17:10,45,6,40.0,53.0,ratio_duration,2120.0,37.56692913,127.0043893,청계3_코리아몰앞
공휴일,2,2,12,청계3 노상공영주차장(코리아몰 앞),청계3_코리아몰앞,17시,1045,1103,17:25,18:23,1058.0,17:38,1058.0,17:38,1103.0,18:23,45,6,40.0,57.0,ratio_duration,2280.0,37.56896427,127.0020909,훈련원공원
공휴일,2,2,13,청계3 노상공영주차장(코리아몰 앞),청계3_코리아몰앞,18시,1105,1134,18:25,18:54,1105.0,18:25,1105.0,18:25,1134.0,18:54,29,3,20.0,29.0,ratio_duration,580.0,37.56896427,127.0020909,청계3_코리아몰앞
공휴일,2,2,14,기업은행 무교지점 앞 가로등형 충전소,기업은행_무교지점,19시,1168,1214,19:28,20:14,1168.0,19:28,1168.0,19:28,1213.0,20:13,45,3,20.0,46.0,ratio_duration,920.0,37.56762877,126.9795662,청계3_코리아몰앞
공휴일,2,2,15,청계3 노상공영주차장(코리아몰 앞),청계3_코리아몰앞,20시,1234,1273,20:34,21:13,1234.0,20:34,1234.0,20:34,1273.0,21:13,39,4,26.7,39.0,ratio_duration,1041.3,37.56896427,127.0020909,기업은행_무교지점
공휴일,2,2,16,청계3 노상공영주차장(코리아몰 앞),청계3_코리아몰앞,21시,1280,1302,21:20,21:42,1280.0,21:20,1280.0,21:20,1302.0,21:42,22,2,13.3,22.0,ratio_duration,292.6,37.56896427,127.0020909,청계3_코리아몰앞
공휴일,3,1,1,청계5 노상공영주차장,청계5,06시,384,397,06:24,06:37,384.0,06:24,384.0,06:24,397.0,06:37,13,1,6.7,13.0,ratio_duration,87.10000000000001,37.5681412,127.0024362,청계3_코리아몰앞
공휴일,3,1,2,훈련원공원 노상공영주차장,훈련원공원,06시,415,442,06:55,07:22,415.0,06:55,415.0,06:55,442.0,07:22,27,1,6.7,27.0,ratio_duration,180.9,37.56692913,127.0043893,청계5
공휴일,3,1,3,훈련원공원 노상공영주차장,훈련원공원,07시,463,485,07:43,08:05,463.0,07:43,463.0,07:43,485.0,08:05,22,3,20.0,22.0,ratio_duration,440.0,37.56692913,127.0043893,훈련원공원
공휴일,3,1,4,훈련원공원 노상공영주차장,훈련원공원,08시,521,561,08:41,09:21,521.0,08:41,521.0,08:41,560.0,09:20,39,4,26.7,39.0,ratio_duration,1041.3,37.56692913,127.0043893,훈련원공원
공휴일,3,1,5,청계3 노상공영주차장(코리아몰 앞),청계3_코리아몰앞,09시,565,600,09:25,10:00,565.0,09:25,565.0,09:25,600.0,10:00,35,2,13.3,35.0,ratio_duration,465.5,37.56896427,127.0020909,훈련원공원
공휴일,3,1,6,을지로 노상공영주차장(신한은행 앞),을지로_신한은행앞,10시,617,620,10:17,10:20,617.0,10:17,617.0,10:17,620.0,10:20,3,2,13.3,3.0,ratio_duration,39.900000000000006,37.56710245,127.0017882,청계3_코리아몰앞
공휴일,3,1,7,기업은행 무교지점 앞 가로등형 충전소,기업은행_무교지점,10시,625,694,10:25,11:34,632.08,10:32,632.08,10:32,677.08,11:17,45,2,13.3,69.0,ratio_duration,917.7,37.56762877,126.9795662,을지로_신한은행앞
공휴일,3,1,8,훈련원공원 노상공영주차장,훈련원공원,11시,671,743,11:11,12:23,686.83,11:27,686.83,11:27,731.83,12:12,45,4,26.7,72.0,ratio_duration,1922.3999999999999,37.56692913,127.0043893,기업은행_무교지점
공휴일,3,1,9,훈련원공원 노상공영주차장,훈련원공원,12시,739,822,12:19,13:42,746.83,12:27,746.83,12:27,791.83,13:12,45,4,26.7,82.0,ratio_duration,2189.4,37.56692913,127.0043893,훈련원공원
공휴일,3,1,10,훈련원공원 노상공영주차장,훈련원공원,13시,810,846,13:30,14:06,810.0,13:30,810.0,13:30,846.0,14:06,36,4,26.7,36.0,ratio_duration,961.1999999999999,37.56692913,127.0043893,훈련원공원
공휴일,3,1,11,청계3 노상공영주차장(코리아몰 앞),청계3_코리아몰앞,14시,868,898,14:28,14:58,868.0,14:28,868.0,14:28,898.0,14:58,30,9,60.0,30.0,ratio_duration,1800.0,37.56896427,127.0020909,훈련원공원
공휴일,3,1,12,청계3 노상공영주차장(코리아몰 앞),청계3_코리아몰앞,15시,944,968,15:44,16:08,944.0,15:44,944.0,15:44,968.0,16:08,24,7,46.7,24.0,ratio_duration,1120.8000000000002,37.56896427,127.0020909,청계3_코리아몰앞
공휴일,3,1,13,훈련원공원 노상공영주차장,훈련원공원,16시,985,1039,16:25,17:19,985.0,16:25,985.0,16:25,1030.0,17:10,45,6,40.0,53.0,ratio_duration,2120.0,37.56692913,127.0043893,청계3_코리아몰앞
공휴일,3,1,14,청계3 노상공영주차장(코리아몰 앞),청계3_코리아몰앞,17시,1045,1103,17:25,18:23,1045.0,17:25,1045.0,17:25,1090.0,18:10,45,6,40.0,57.0,ratio_duration,2280.0,37.56896427,127.0020909,훈련원공원
공휴일,3,1,15,청계3 노상공영주차장(코리아몰 앞),청계3_코리아몰앞,18시,1105,1134,18:25,18:54,1105.0,18:25,1105.0,18:25,1134.0,18:54,29,3,20.0,29.0,ratio_duration,580.0,37.56896427,127.0020909,청계3_코리아몰앞
공휴일,3,1,16,기업은행 무교지점 앞 가로등형 충전소,기업은행_무교지점,18시,1133,1289,18:53,21:29,1152.9,19:13,1152.9,19:13,1197.9,19:58,45,1,6.7,156.0,ratio_duration,1045.2,37.56762877,126.9795662,청계3_코리아몰앞
공휴일,3,1,17,청계3 노상공영주차장(고려상사 앞),청계3_고려상사앞,20시,1210,1249,20:10,20:49,1210.0,20:10,1210.0,20:10,1249.0,20:49,39,2,13.3,39.0,ratio_duration,518.7,37.56822248,127.0018662,기업은행_무교지점
공휴일,3,1,18,청계3 노상공영주차장(코리아몰 앞),청계3_코리아몰앞,21시,1280,1302,21:20,21:42,1280.0,21:20,1280.0,21:20,1302.0,21:42,22,2,13.3,22.0,ratio_duration,292.6,37.56896427,127.0020909,청계3_고려상사앞
공휴일,3,2,1,기업은행 무교지점 앞 가로등형 충전소,기업은행_무교지점,06시,398,439,06:38,07:19,398.0,06:38,398.0,06:38,439.0,07:19,41,2,13.3,41.0,ratio_duration,545.3000000000001,37.56762877,126.9795662,청계3_코리아몰앞
공휴일,3,2,2,기업은행 무교지점 앞 가로등형 충전소,기업은행_무교지점,07시,476,522,07:56,08:42,476.0,07:56,476.0,07:56,521.0,08:41,45,2,13.3,46.0,ratio_duration,611.8000000000001,37.56762877,126.9795662,기업은행_무교지점
공휴일,3,2,3,청계5 노상공영주차장,청계5,08시,533,567,08:53,09:27,533.0,08:53,533.0,08:53,567.0,09:27,34,1,6.7,34.0,ratio_duration,227.8,37.5681412,127.0024362,기업은행_무교지점
공휴일,3,2,4,훈련원공원 노상공영주차장,훈련원공원,09시,563,621,09:23,10:21,573.48,09:33,573.48,09:33,618.48,10:18,45,4,26.7,58.0,ratio_duration,1548.6,37.56692913,127.0043893,청계5
공휴일,3,2,5,청계3 노상공영주차장(코리아몰 앞),청계3_코리아몰앞,10시,630,672,10:30,11:12,630.0,10:30,630.0,10:30,672.0,11:12,42,5,33.3,42.0,ratio_duration,1398.6,37.56896427,127.0020909,훈련원공원
공휴일,3,2,6,을지로 노상공영주차장(신한은행 앞),을지로_신한은행앞,11시,694,721,11:34,12:01,694.0,11:34,694.0,11:34,720.0,12:00,26,4,26.7,26.0,ratio_duration,694.1999999999999,37.56710245,127.0017882,청계3_코리아몰앞
공휴일,3,2,7,기업은행 무교지점 앞 가로등형 충전소,기업은행_무교지점,12시,743,765,12:23,12:45,743.0,12:23,743.0,12:23,765.0,12:45,22,3,20.0,22.0,ratio_duration,440.0,37.56762877,126.9795662,을지로_신한은행앞
공휴일,3,2,8,을지로 노상공영주차장(신한은행 앞),을지로_신한은행앞,13시,809,826,13:29,13:46,809.0,13:29,809.0,13:29,826.0,13:46,17,4,26.7,17.0,ratio_duration,453.9,37.56710245,127.0017882,기업은행_무교지점
공휴일,3,2,9,을지로 노상공영주차장(하나은행 앞),을지로_하나은행앞,13시,821,874,13:41,14:34,826.77,13:47,826.77,13:47,871.77,14:32,45,7,46.7,53.0,ratio_duration,2475.1000000000004,37.56680167,126.9966063,을지로_신한은행앞
공휴일,3,2,10,훈련원공원 노상공영주차장,훈련원공원,14시,891,924,14:51,15:24,891.0,14:51,891.0,14:51,924.0,15:24,33,1,6.7,33.0,ratio_duration,221.1,37.56692913,127.0043893,을지로_하나은행앞
공휴일,3,2,11,훈련원공원 노상공영주차장,훈련원공원,15시,926,956,15:26,15:56,926.0,15:26,926.0,15:26,956.0,15:56,30,6,40.0,30.0,ratio_duration,1200.0,37.56692913,127.0043893,훈련원공원
공휴일,3,2,12,청계3 노상공영주차장(코리아몰 앞),청계3_코리아몰앞,16시,971,1015,16:11,16:55,971.7,16:12,971.7,16:12,1014.7,16:55,43,4,26.7,43.0,ratio_duration,1148.1,37.56896427,127.0020909,훈련원공원
공휴일,3,2,13,청계3 노상공영주차장(고려상사 앞),청계3_고려상사앞,16시,1005,1072,16:45,17:52,1016.88,16:57,1016.88,16:57,1061.88,17:42,45,1,6.7,67.0,ratio_duration,448.90000000000003,37.56822248,127.0018662,청계3_코리아몰앞
공휴일,3,2,14,을지로 노상공영주차장(하나은행 앞),을지로_하나은행앞,17시,1050,1130,17:30,18:50,1067.57,17:48,1067.57,17:48,1112.57,18:33,45,3,20.0,80.0,ratio_duration,1600.0,37.56680167,126.9966063,청계3_고려상사앞
공휴일,3,2,15,을지로 노상공영주차장(하나은행 앞),을지로_하나은행앞,18시,1110,1175,18:30,19:35,1112.57,18:33,1112.57,18:33,1157.57,19:18,45,1,6.7,65.0,ratio_duration,435.5,37.56680167,126.9966063,을지로_하나은행앞
공휴일,3,2,16,기업은행 무교지점 앞 가로등형 충전소,기업은행_무교지점,19시,1168,1214,19:28,20:14,1169.0,19:29,1169.0,19:29,1214.0,20:14,45,3,20.0,46.0,ratio_duration,920.0,37.56762877,126.9795662,을지로_하나은행앞
공휴일,3,2,17,청계5 노상공영주차장,청계5,20시,1230,1248,20:30,20:48,1230.0,20:30,1230.0,20:30,1248.0,20:48,18,4,26.7,18.0,ratio_duration,480.59999999999997,37.5681412,127.0024362,기업은행_무교지점
공휴일,3,2,18,훈련원공원 노상공영주차장,훈련원공원,20시,1213,1317,20:13,21:57,1272.0,21:12,1272.0,21:12,1317.0,21:57,45,4,26.7,104.0,ratio_duration,2776.7999999999997,37.56692913,127.0043893,청계5
공휴일,3,3,1,을지로 노상공영주차장(하나은행 앞),을지로_하나은행앞,06시,397,422,06:37,07:02,397.0,06:37,397.0,06:37,422.0,07:02,25,1,6.7,25.0,ratio_duration,167.5,37.56680167,126.9966063,청계3_코리아몰앞
공휴일,3,3,2,청계3 노상공영주차장(고려상사 앞),청계3_고려상사앞,07시,434,468,07:14,07:48,434.0,07:14,434.0,07:14,468.0,07:48,34,1,6.7,34.0,ratio_duration,227.8,37.56822248,127.0018662,을지로_하나은행앞
공휴일,3,3,3,청계3 노상공영주차장(코리아몰 앞),청계3_코리아몰앞,08시,517,548,08:37,09:08,517.0,08:37,517.0,08:37,548.0,09:08,31,3,20.0,31.0,ratio_duration,620.0,37.56896427,127.0020909,청계3_고려상사앞
공휴일,3,3,4,을지로 노상공영주차장(하나은행 앞),을지로_하나은행앞,09시,551,596,09:11,09:56,551.0,09:11,551.0,09:11,596.0,09:56,45,3,20.0,45.0,ratio_duration,900.0,37.56680167,126.9966063,청계3_코리아몰앞
공휴일,3,3,5,을지로 노상공영주차장(하나은행 앞),을지로_하나은행앞,10시,609,646,10:09,10:46,609.0,10:09,609.0,10:09,646.0,10:46,37,3,20.0,37.0,ratio_duration,740.0,37.56680167,126.9966063,을지로_하나은행앞
공휴일,3,3,6,청계3 노상공영주차장(코리아몰 앞),청계3_코리아몰앞,11시,706,743,11:46,12:23,706.0,11:46,706.0,11:46,743.0,12:23,37,4,26.7,37.0,ratio_duration,987.9,37.56896427,127.0020909,을지로_하나은행앞
공휴일,3,3,7,청계3 노상공영주차장(코리아몰 앞),청계3_코리아몰앞,12시,734,802,12:14,13:22,743.0,12:23,743.0,12:23,788.0,13:08,45,7,46.7,68.0,ratio_duration,3175.6000000000004,37.56896427,127.0020909,청계3_코리아몰앞
공휴일,3,3,8,청계3 노상공영주차장(코리아몰 앞),청계3_코리아몰앞,13시,790,839,13:10,13:59,794.0,13:14,794.0,13:14,839.0,13:59,45,4,26.7,49.0,ratio_duration,1308.3,37.56896427,127.0020909,청계3_코리아몰앞
공휴일,3,3,9,을지로 노상공영주차장(신한은행 앞),을지로_신한은행앞,14시,872,906,14:32,15:06,872.0,14:32,872.0,14:32,906.0,15:06,34,7,46.7,34.0,ratio_duration,1587.8000000000002,37.56710245,127.0017882,청계3_코리아몰앞
공휴일,3,3,10,을지로 노상공영주차장(신한은행 앞),을지로_신한은행앞,15시,910,976,15:10,16:16,910.0,15:10,910.0,15:10,955.0,15:55,45,2,13.3,65.0,ratio_duration,864.5,37.56710245,127.0017882,을지로_신한은행앞
공휴일,3,3,11,을지로 노상공영주차장(하나은행 앞),을지로_하나은행앞,15시,914,1028,15:14,17:08,955.77,15:56,955.77,15:56,1000.77,16:41,45,1,6.7,114.0,ratio_duration,763.8000000000001,37.56680167,126.9966063,을지로_신한은행앞
공휴일,3,3,12,기업은행 무교지점 앞 가로등형 충전소,기업은행_무교지점,15시,943,1076,15:43,17:56,1012.2,16:52,1012.2,16:52,1057.2,17:37,45,1,6.7,133.0,ratio_duration,891.1,37.56762877,126.9795662,을지로_하나은행앞
공휴일,3,3,13,기업은행 무교지점 앞 가로등형 충전소,기업은행_무교지점,17시,1064,1144,17:44,19:04,1064.25,17:44,1064.25,17:44,1109.25,18:29,45,2,13.3,80.0,ratio_duration,1064.0,37.56762877,126.9795662,기업은행_무교지점
공휴일,3,3,14,훈련원공원 노상공영주차장,훈련원공원,18시,1112,1164,18:32,19:24,1119.0,18:39,1119.0,18:39,1164.0,19:24,45,4,26.7,52.0,ratio_duration,1388.3999999999999,37.56692913,127.0043893,기업은행_무교지점
공휴일,3,3,15,청계3 노상공영주차장(코리아몰 앞),청계3_코리아몰앞,19시,1180,1216,19:40,20:16,1180.0,19:40,1180.0,19:40,1216.0,20:16,36,2,13.3,36.0,ratio_duration,478.8,37.56896427,127.0020909,훈련원공원
공휴일,3,3,16,청계3 노상공영주차장(코리아몰 앞),청계3_코리아몰앞,20시,1234,1273,20:34,21:13,1234.0,20:34,1234.0,20:34,1273.0,21:13,39,4,26.7,39.0,ratio_duration,1041.3,37.56896427,127.0020909,청계3_코리아몰앞
공휴일,3,3,17,훈련원공원 노상공영주차장,훈련원공원,21시,1290,1302,21:30,21:42,1290.0,21:30,1290.0,21:30,1302.0,21:42,12,3,20.0,12.0,ratio_duration,240.0,37.56692913,127.0043893,청계3_코리아몰앞
공휴일,4,1,1,서소문청사(지상),서소문청사_지상,06시,399,424,06:39,07:04,399.0,06:39,399.0,06:39,424.0,07:04,25,1,6.7,25.0,ratio_duration,167.5,37.56455419,126.9756136,청계3_코리아몰앞
공휴일,4,1,2,청계8가 노상공영주차장,청계8가,07시,475,505,07:55,08:25,475.0,07:55,475.0,07:55,505.0,08:25,30,1,6.7,30.0,ratio_duration,201.0,37.56980089,127.0163871,서소문청사_지상
공휴일,4,1,3,을지로 노상공영주차장(신한은행 앞),을지로_신한은행앞,08시,510,564,08:30,09:24,515.7,08:36,515.7,08:36,560.7,09:21,45,1,6.7,54.0,ratio_duration,361.8,37.56710245,127.0017882,청계8가
공휴일,4,1,4,청계3 노상공영주차장(코리아몰 앞),청계3_코리아몰앞,09시,565,600,09:25,10:00,565.0,09:25,565.0,09:25,600.0,10:00,35,2,13.3,35.0,ratio_duration,465.5,37.56896427,127.0020909,을지로_신한은행앞
공휴일,4,1,5,기업은행 무교지점 앞 가로등형 충전소,기업은행_무교지점,10시,625,694,10:25,11:34,625.0,10:25,625.0,10:25,670.0,11:10,45,2,13.3,69.0,ratio_duration,917.7,37.56762877,126.9795662,청계3_코리아몰앞
공휴일,4,1,6,훈련원공원 노상공영주차장,훈련원공원,11시,671,743,11:11,12:23,679.75,11:20,679.75,11:20,724.75,12:05,45,4,26.7,72.0,ratio_duration,1922.3999999999999,37.56692913,127.0043893,기업은행_무교지점
공휴일,4,1,7,기업은행 무교지점 앞 가로등형 충전소,기업은행_무교지점,12시,743,765,12:23,12:45,743.0,12:23,743.0,12:23,765.0,12:45,22,3,20.0,22.0,ratio_duration,440.0,37.56762877,126.9795662,훈련원공원
공휴일,4,1,8,훈련원공원 노상공영주차장,훈련원공원,13시,810,846,13:30,14:06,810.0,13:30,810.0,13:30,846.0,14:06,36,4,26.7,36.0,ratio_duration,961.1999999999999,37.56692913,127.0043893,기업은행_무교지점
공휴일,4,1,9,청계3 노상공영주차장(코리아몰 앞),청계3_코리아몰앞,14시,868,898,14:28,14:58,868.0,14:28,868.0,14:28,898.0,14:58,30,9,60.0,30.0,ratio_duration,1800.0,37.56896427,127.0020909,훈련원공원
공휴일,4,1,10,훈련원공원 노상공영주차장,훈련원공원,15시,926,956,15:26,15:56,926.0,15:26,926.0,15:26,956.0,15:56,30,6,40.0,30.0,ratio_duration,1200.0,37.56692913,127.0043893,청계3_코리아몰앞
공휴일,4,1,11,청계8가 노상공영주차장,청계8가,16시,968,991,16:08,16:31,968.0,16:08,968.0,16:08,991.0,16:31,23,3,20.0,23.0,ratio_duration,460.0,37.56980089,127.0163871,훈련원공원
공휴일,4,1,12,청계3 노상공영주차장(고려상사 앞),청계3_고려상사앞,16시,1005,1072,16:45,17:52,1005.0,16:45,1005.0,16:45,1050.0,17:30,45,1,6.7,67.0,ratio_duration,448.90000000000003,37.56822248,127.0018662,청계8가
공휴일,4,1,13,을지로 노상공영주차장(하나은행 앞),을지로_하나은행앞,17시,1050,1130,17:30,18:50,1053.65,17:34,1053.65,17:34,1098.65,18:19,45,3,20.0,80.0,ratio_duration,1600.0,37.56680167,126.9966063,청계3_고려상사앞
공휴일,4,1,14,청계3 노상공영주차장(코리아몰 앞),청계3_코리아몰앞,18시,1105,1134,18:25,18:54,1105.0,18:25,1105.0,18:25,1134.0,18:54,29,3,20.0,29.0,ratio_duration,580.0,37.56896427,127.0020909,을지로_하나은행앞
공휴일,4,1,15,기업은행 무교지점 앞 가로등형 충전소,기업은행_무교지점,18시,1133,1289,18:53,21:29,1147.15,19:07,1147.15,19:07,1192.15,19:52,45,1,6.7,156.0,ratio_duration,1045.2,37.56762877,126.9795662,청계3_코리아몰앞
공휴일,4,1,16,기업은행 무교지점 앞 가로등형 충전소,기업은행_무교지점,20시,1201,1221,20:01,20:21,1201.0,20:01,1201.0,20:01,1221.0,20:21,20,1,6.7,20.0,ratio_duration,134.0,37.56762877,126.9795662,기업은행_무교지점
공휴일,4,1,17,을지로 노상공영주차장(신한은행 앞),을지로_신한은행앞,20시,1233,1265,20:33,21:05,1233.0,20:33,1233.0,20:33,1265.0,21:05,32,1,6.7,32.0,ratio_duration,214.4,37.56710245,127.0017882,기업은행_무교지점
공휴일,4,1,18,훈련원공원 노상공영주차장,훈련원공원,21시,1290,1302,21:30,21:42,1290.0,21:30,1290.0,21:30,1302.0,21:42,12,3,20.0,12.0,ratio_duration,240.0,37.56692913,127.0043893,을지로_신한은행앞
공휴일,4,2,1,기업은행 무교지점 앞 가로등형 충전소,기업은행_무교지점,06시,398,439,06:38,07:19,398.0,06:38,398.0,06:38,439.0,07:19,41,2,13.3,41.0,ratio_duration,545.3000000000001,37.56762877,126.9795662,청계3_코리아몰앞
공휴일,4,2,2,기업은행 무교지점 앞 가로등형 충전소,기업은행_무교지점,07시,476,522,07:56,08:42,476.0,07:56,476.0,07:56,521.0,08:41,45,2,13.3,46.0,ratio_duration,611.8000000000001,37.56762877,126.9795662,기업은행_무교지점
공휴일,4,2,3,청계5 노상공영주차장,청계5,08시,533,567,08:53,09:27,533.0,08:53,533.0,08:53,567.0,09:27,34,1,6.7,34.0,ratio_duration,227.8,37.5681412,127.0024362,기업은행_무교지점
공휴일,4,2,4,훈련원공원 노상공영주차장,훈련원공원,09시,563,621,09:23,10:21,573.48,09:33,573.48,09:33,618.48,10:18,45,4,26.7,58.0,ratio_duration,1548.6,37.56692913,127.0043893,청계5
공휴일,4,2,5,청계3 노상공영주차장(코리아몰 앞),청계3_코리아몰앞,10시,630,672,10:30,11:12,630.0,10:30,630.0,10:30,672.0,11:12,42,5,33.3,42.0,ratio_duration,1398.6,37.56896427,127.0020909,훈련원공원
공휴일,4,2,6,청계3 노상공영주차장(코리아몰 앞),청계3_코리아몰앞,11시,706,743,11:46,12:23,706.0,11:46,706.0,11:46,743.0,12:23,37,4,26.7,37.0,ratio_duration,987.9,37.56896427,127.0020909,청계3_코리아몰앞
공휴일,4,2,7,청계3 노상공영주차장(코리아몰 앞),청계3_코리아몰앞,12시,734,802,12:14,13:22,743.0,12:23,743.0,12:23,788.0,13:08,45,7,46.7,68.0,ratio_duration,3175.6000000000004,37.56896427,127.0020909,청계3_코리아몰앞
공휴일,4,2,8,청계3 노상공영주차장(코리아몰 앞),청계3_코리아몰앞,13시,790,839,13:10,13:59,790.0,13:10,790.0,13:10,835.0,13:55,45,4,26.7,49.0,ratio_duration,1308.3,37.56896427,127.0020909,청계3_코리아몰앞
공휴일,4,2,9,을지로 노상공영주차장(하나은행 앞),을지로_하나은행앞,14시,859,904,14:19,15:04,859.0,14:19,859.0,14:19,904.0,15:04,45,5,33.3,45.0,ratio_duration,1498.4999999999998,37.56680167,126.9966063,청계3_코리아몰앞
공휴일,4,2,10,을지로 노상공영주차장(신한은행 앞),을지로_신한은행앞,15시,910,976,15:10,16:16,918.23,15:18,918.23,15:18,963.23,16:03,45,2,13.3,65.0,ratio_duration,864.5,37.56710245,127.0017882,을지로_하나은행앞
공휴일,4,2,11,을지로 노상공영주차장(하나은행 앞),을지로_하나은행앞,16시,963,1001,16:03,16:41,964.0,16:04,964.0,16:04,1001.0,16:41,37,2,13.3,37.0,ratio_duration,492.1,37.56680167,126.9966063,을지로_신한은행앞
공휴일,4,2,12,기업은행 무교지점 앞 가로등형 충전소,기업은행_무교지점,15시,943,1076,15:43,17:56,1019.0,16:59,1019.0,16:59,1064.0,17:44,45,1,6.7,133.0,ratio_duration,891.1,37.56762877,126.9795662,을지로_하나은행앞
공휴일,4,2,13,기업은행 무교지점 앞 가로등형 충전소,기업은행_무교지점,17시,1064,1144,17:44,19:04,1065.05,17:45,1065.05,17:45,1110.05,18:30,45,2,13.3,80.0,ratio_duration,1064.0,37.56762877,126.9795662,기업은행_무교지점
공휴일,4,2,14,을지로 노상공영주차장(하나은행 앞),을지로_하나은행앞,18시,1110,1175,18:30,19:35,1125.0,18:45,1125.0,18:45,1170.0,19:30,45,1,6.7,65.0,ratio_duration,435.5,37.56680167,126.9966063,기업은행_무교지점
공휴일,4,2,15,청계3 노상공영주차장(코리아몰 앞),청계3_코리아몰앞,19시,1180,1216,19:40,20:16,1180.0,19:40,1180.0,19:40,1216.0,20:16,36,2,13.3,36.0,ratio_duration,478.8,37.56896427,127.0020909,을지로_하나은행앞
공휴일,4,2,16,청계3 노상공영주차장(코리아몰 앞),청계3_코리아몰앞,20시,1234,1273,20:34,21:13,1234.0,20:34,1234.0,20:34,1273.0,21:13,39,4,26.7,39.0,ratio_duration,1041.3,37.56896427,127.0020909,청계3_코리아몰앞
공휴일,4,3,1,청계5 노상공영주차장,청계5,06시,384,397,06:24,06:37,384.0,06:24,384.0,06:24,397.0,06:37,13,1,6.7,13.0,ratio_duration,87.10000000000001,37.5681412,127.0024362,청계3_코리아몰앞
공휴일,4,3,2,훈련원공원 노상공영주차장,훈련원공원,06시,415,442,06:55,07:22,415.0,06:55,415.0,06:55,442.0,07:22,27,1,6.7,27.0,ratio_duration,180.9,37.56692913,127.0043893,청계5
공휴일,4,3,3,훈련원공원 노상공영주차장,훈련원공원,07시,463,485,07:43,08:05,463.0,07:43,463.0,07:43,485.0,08:05,22,3,20.0,22.0,ratio_duration,440.0,37.56692913,127.0043893,훈련원공원
공휴일,4,3,4,청계3 노상공영주차장(코리아몰 앞),청계3_코리아몰앞,08시,517,548,08:37,09:08,517.0,08:37,517.0,08:37,548.0,09:08,31,3,20.0,31.0,ratio_duration,620.0,37.56896427,127.0020909,훈련원공원
공휴일,4,3,5,을지로 노상공영주차장(하나은행 앞),을지로_하나은행앞,09시,551,596,09:11,09:56,551.0,09:11,551.0,09:11,596.0,09:56,45,3,20.0,45.0,ratio_duration,900.0,37.56680167,126.9966063,청계3_코리아몰앞
공휴일,4,3,6,을지로 노상공영주차장(하나은행 앞),을지로_하나은행앞,10시,609,646,10:09,10:46,609.0,10:09,609.0,10:09,646.0,10:46,37,3,20.0,37.0,ratio_duration,740.0,37.56680167,126.9966063,을지로_하나은행앞
공휴일,4,3,7,을지로 노상공영주차장(하나은행 앞),을지로_하나은행앞,11시,679,708,11:19,11:48,679.0,11:19,679.0,11:19,708.0,11:48,29,2,13.3,29.0,ratio_duration,385.70000000000005,37.56680167,126.9966063,을지로_하나은행앞
공휴일,4,3,8,훈련원공원 노상공영주차장,훈련원공원,12시,739,822,12:19,13:42,749.48,12:29,749.48,12:29,794.48,13:14,45,4,26.7,82.0,ratio_duration,2189.4,37.56692913,127.0043893,을지로_하나은행앞
공휴일,4,3,9,을지로 노상공영주차장(신한은행 앞),을지로_신한은행앞,13시,809,826,13:29,13:46,809.0,13:29,809.0,13:29,826.0,13:46,17,4,26.7,17.0,ratio_duration,453.9,37.56710245,127.0017882,훈련원공원
공휴일,4,3,10,을지로 노상공영주차장(하나은행 앞),을지로_하나은행앞,13시,821,874,13:41,14:34,826.77,13:47,826.77,13:47,871.77,14:32,45,7,46.7,53.0,ratio_duration,2475.1000000000004,37.56680167,126.9966063,을지로_신한은행앞
공휴일,4,3,11,훈련원공원 노상공영주차장,훈련원공원,14시,891,924,14:51,15:24,891.0,14:51,891.0,14:51,924.0,15:24,33,1,6.7,33.0,ratio_duration,221.1,37.56692913,127.0043893,을지로_하나은행앞
공휴일,4,3,12,청계3 노상공영주차장(코리아몰 앞),청계3_코리아몰앞,15시,944,968,15:44,16:08,944.0,15:44,944.0,15:44,968.0,16:08,24,7,46.7,24.0,ratio_duration,1120.8000000000002,37.56896427,127.0020909,훈련원공원
공휴일,4,3,13,청계3 노상공영주차장(코리아몰 앞),청계3_코리아몰앞,16시,971,1015,16:11,16:55,971.97,16:12,971.97,16:12,1014.97,16:55,43,4,26.7,43.0,ratio_duration,1148.1,37.56896427,127.0020909,청계3_코리아몰앞
공휴일,4,3,14,을지로 노상공영주차장(신한은행 앞),을지로_신한은행앞,16시,1016,1058,16:56,17:38,1016.0,16:56,1016.0,16:56,1058.0,17:38,42,1,6.7,42.0,ratio_duration,281.40000000000003,37.56710245,127.0017882,청계3_코리아몰앞
공휴일,4,3,15,훈련원공원 노상공영주차장,훈련원공원,17시,1055,1110,17:35,18:30,1063.05,17:43,1063.05,17:43,1108.05,18:28,45,3,20.0,55.0,ratio_duration,1100.0,37.56692913,127.0043893,을지로_신한은행앞
공휴일,4,3,16,훈련원공원 노상공영주차장,훈련원공원,18시,1112,1164,18:32,19:24,1112.0,18:32,1112.0,18:32,1157.0,19:17,45,4,26.7,52.0,ratio_duration,1388.3999999999999,37.56692913,127.0043893,훈련원공원
공휴일,4,3,17,을지로 노상공영주차장(신한은행 앞),을지로_신한은행앞,19시,1160,1202,19:20,20:02,1160.0,19:20,1160.0,19:20,1202.0,20:02,42,1,6.7,42.0,ratio_duration,281.40000000000003,37.56710245,127.0017882,훈련원공원
공휴일,4,3,18,청계3 노상공영주차장(고려상사 앞),청계3_고려상사앞,20시,1210,1249,20:10,20:49,1210.0,20:10,1210.0,20:10,1249.0,20:49,39,2,13.3,39.0,ratio_duration,518.7,37.56822248,127.0018662,을지로_신한은행앞
공휴일,4,3,19,훈련원공원 노상공영주차장,훈련원공원,20시,1213,1317,20:13,21:57,1272.0,21:12,1272.0,21:12,1317.0,21:57,45,4,26.7,104.0,ratio_duration,2776.7999999999997,37.56692913,127.0043893,청계3_고려상사앞
공휴일,4,4,1,을지로 노상공영주차장(하나은행 앞),을지로_하나은행앞,06시,397,422,06:37,07:02,397.0,06:37,397.0,06:37,422.0,07:02,25,1,6.7,25.0,ratio_duration,167.5,37.56680167,126.9966063,청계3_코리아몰앞
공휴일,4,4,2,청계3 노상공영주차장(고려상사 앞),청계3_고려상사앞,07시,434,468,07:14,07:48,434.0,07:14,434.0,07:14,468.0,07:48,34,1,6.7,34.0,ratio_duration,227.8,37.56822248,127.0018662,을지로_하나은행앞
공휴일,4,4,3,훈련원공원 노상공영주차장,훈련원공원,08시,521,561,08:41,09:21,521.0,08:41,521.0,08:41,560.0,09:20,39,4,26.7,39.0,ratio_duration,1041.3,37.56692913,127.0043893,청계3_고려상사앞
공휴일,4,4,4,을지로 노상공영주차장(신한은행 앞),을지로_신한은행앞,09시,577,609,09:37,10:09,577.0,09:37,577.0,09:37,609.0,10:09,32,2,13.3,32.0,ratio_duration,425.6,37.56710245,127.0017882,훈련원공원
공휴일,4,4,5,을지로 노상공영주차장(신한은행 앞),을지로_신한은행앞,10시,617,620,10:17,10:20,617.0,10:17,617.0,10:17,620.0,10:20,3,2,13.3,3.0,ratio_duration,39.900000000000006,37.56710245,127.0017882,을지로_신한은행앞
공휴일,4,4,6,청계5 노상공영주차장,청계5,10시,633,648,10:33,10:48,633.0,10:33,633.0,10:33,647.0,10:47,14,2,13.3,14.0,ratio_duration,186.20000000000002,37.5681412,127.0024362,을지로_신한은행앞
공휴일,4,4,7,을지로 노상공영주차장(신한은행 앞),을지로_신한은행앞,11시,694,721,11:34,12:01,694.0,11:34,694.0,11:34,720.0,12:00,26,4,26.7,26.0,ratio_duration,694.1999999999999,37.56710245,127.0017882,청계5
공휴일,4,4,8,청계8가 노상공영주차장,청계8가,12시,735,792,12:15,13:12,740.36,12:20,740.36,12:20,785.36,13:05,45,1,6.7,57.0,ratio_duration,381.90000000000003,37.56980089,127.0163871,을지로_신한은행앞
공휴일,4,4,9,기업은행 무교지점 앞 가로등형 충전소,기업은행_무교지점,13시,820,856,13:40,14:16,820.0,13:40,820.0,13:40,856.0,14:16,36,2,13.3,36.0,ratio_duration,478.8,37.56762877,126.9795662,청계8가
공휴일,4,4,10,을지로 노상공영주차장(신한은행 앞),을지로_신한은행앞,14시,872,906,14:32,15:06,872.0,14:32,872.0,14:32,906.0,15:06,34,7,46.7,34.0,ratio_duration,1587.8000000000002,37.56710245,127.0017882,기업은행_무교지점
공휴일,4,4,11,을지로 노상공영주차장(하나은행 앞),을지로_하나은행앞,15시,914,1028,15:14,17:08,914.0,15:14,914.0,15:14,959.0,15:59,45,1,6.7,114.0,ratio_duration,763.8000000000001,37.56680167,126.9966063,을지로_신한은행앞
공휴일,4,4,12,훈련원공원 노상공영주차장,훈련원공원,16시,985,1039,16:25,17:19,985.0,16:25,985.0,16:25,1030.0,17:10,45,6,40.0,53.0,ratio_duration,2120.0,37.56692913,127.0043893,을지로_하나은행앞
공휴일,4,4,13,청계3 노상공영주차장(코리아몰 앞),청계3_코리아몰앞,17시,1045,1103,17:25,18:23,1048.97,17:29,1048.97,17:29,1093.97,18:14,45,6,40.0,57.0,ratio_duration,2280.0,37.56896427,127.0020909,훈련원공원
공휴일,4,4,14,을지로 노상공영주차장(신한은행 앞),을지로_신한은행앞,18시,1095,1136,18:15,18:56,1095.0,18:15,1095.0,18:15,1136.0,18:56,41,1,6.7,41.0,ratio_duration,274.7,37.56710245,127.0017882,청계3_코리아몰앞
공휴일,4,4,15,기업은행 무교지점 앞 가로등형 충전소,기업은행_무교지점,19시,1168,1214,19:28,20:14,1169.0,19:29,1169.0,19:29,1214.0,20:14,45,3,20.0,46.0,ratio_duration,920.0,37.56762877,126.9795662,을지로_신한은행앞
공휴일,4,4,16,청계5 노상공영주차장,청계5,20시,1230,1248,20:30,20:48,1230.0,20:30,1230.0,20:30,1248.0,20:48,18,4,26.7,18.0,ratio_duration,480.59999999999997,37.5681412,127.0024362,기업은행_무교지점
공휴일,4,4,17,청계3 노상공영주차장(코리아몰 앞),청계3_코리아몰앞,21시,1280,1302,21:20,21:42,1280.0,21:20,1280.0,21:20,1302.0,21:42,22,2,13.3,22.0,ratio_duration,292.6,37.56896427,127.0020909,청계5
공휴일,5,1,1,기업은행 무교지점 앞 가로등형 충전소,기업은행_무교지점,06시,398,439,06:38,07:19,398.0,06:38,398.0,06:38,439.0,07:19,41,2,13.3,41.0,ratio_duration,545.3000000000001,37.56762877,126.9795662,청계3_코리아몰앞
공휴일,5,1,2,기업은행 무교지점 앞 가로등형 충전소,기업은행_무교지점,07시,476,522,07:56,08:42,476.0,07:56,476.0,07:56,521.0,08:41,45,2,13.3,46.0,ratio_duration,611.8000000000001,37.56762877,126.9795662,기업은행_무교지점
공휴일,5,1,3,청계5 노상공영주차장,청계5,08시,533,567,08:53,09:27,533.0,08:53,533.0,08:53,567.0,09:27,34,1,6.7,34.0,ratio_duration,227.8,37.5681412,127.0024362,기업은행_무교지점
공휴일,5,1,4,을지로 노상공영주차장(신한은행 앞),을지로_신한은행앞,09시,577,609,09:37,10:09,577.0,09:37,577.0,09:37,609.0,10:09,32,2,13.3,32.0,ratio_duration,425.6,37.56710245,127.0017882,청계5
공휴일,5,1,5,을지로 노상공영주차장(신한은행 앞),을지로_신한은행앞,10시,617,620,10:17,10:20,617.0,10:17,617.0,10:17,620.0,10:20,3,2,13.3,3.0,ratio_duration,39.900000000000006,37.56710245,127.0017882,을지로_신한은행앞
공휴일,5,1,6,청계5 노상공영주차장,청계5,10시,633,648,10:33,10:48,633.0,10:33,633.0,10:33,647.0,10:47,14,2,13.3,14.0,ratio_duration,186.20000000000002,37.5681412,127.0024362,을지로_신한은행앞
공휴일,5,1,7,을지로 노상공영주차장(하나은행 앞),을지로_하나은행앞,11시,679,708,11:19,11:48,679.0,11:19,679.0,11:19,708.0,11:48,29,2,13.3,29.0,ratio_duration,385.70000000000005,37.56680167,126.9966063,청계5
공휴일,5,1,8,기업은행 무교지점 앞 가로등형 충전소,기업은행_무교지점,12시,743,765,12:23,12:45,743.0,12:23,743.0,12:23,765.0,12:45,22,3,20.0,22.0,ratio_duration,440.0,37.56762877,126.9795662,을지로_하나은행앞
공휴일,5,1,9,기업은행 무교지점 앞 가로등형 충전소,기업은행_무교지점,13시,820,856,13:40,14:16,820.0,13:40,820.0,13:40,856.0,14:16,36,2,13.3,36.0,ratio_duration,478.8,37.56762877,126.9795662,기업은행_무교지점
공휴일,5,1,10,을지로 노상공영주차장(신한은행 앞),을지로_신한은행앞,14시,872,906,14:32,15:06,872.0,14:32,872.0,14:32,906.0,15:06,34,7,46.7,34.0,ratio_duration,1587.8000000000002,37.56710245,127.0017882,기업은행_무교지점
공휴일,5,1,11,청계8가 노상공영주차장,청계8가,15시,924,937,15:24,15:37,924.0,15:24,924.0,15:24,937.0,15:37,13,2,13.3,13.0,ratio_duration,172.9,37.56980089,127.0163871,을지로_신한은행앞
공휴일,5,1,12,을지로 노상공영주차장(하나은행 앞),을지로_하나은행앞,15시,914,1028,15:14,17:08,948.52,15:49,948.52,15:49,993.52,16:34,45,1,6.7,114.0,ratio_duration,763.8000000000001,37.56680167,126.9966063,청계8가
공휴일,5,1,13,기업은행 무교지점 앞 가로등형 충전소,기업은행_무교지점,15시,943,1076,15:43,17:56,1004.95,16:45,1004.95,16:45,1049.95,17:30,45,1,6.7,133.0,ratio_duration,891.1,37.56762877,126.9795662,을지로_하나은행앞
공휴일,5,1,14,을지로 노상공영주차장(신한은행 앞),을지로_신한은행앞,17시,1072,1076,17:52,17:56,1072.0,17:52,1072.0,17:52,1076.0,17:56,4,1,6.7,4.0,ratio_duration,26.8,37.56710245,127.0017882,기업은행_무교지점
공휴일,5,1,15,을지로 노상공영주차장(하나은행 앞),을지로_하나은행앞,17시,1050,1130,17:30,18:50,1083.65,18:04,1083.65,18:04,1128.65,18:49,45,3,20.0,80.0,ratio_duration,1600.0,37.56680167,126.9966063,을지로_신한은행앞
공휴일,5,1,16,을지로 노상공영주차장(하나은행 앞),을지로_하나은행앞,18시,1110,1175,18:30,19:35,1128.65,18:49,1128.65,18:49,1173.65,19:34,45,1,6.7,65.0,ratio_duration,435.5,37.56680167,126.9966063,을지로_하나은행앞
공휴일,5,1,17,청계3 노상공영주차장(코리아몰 앞),청계3_코리아몰앞,19시,1180,1216,19:40,20:16,1180.0,19:40,1180.0,19:40,1216.0,20:16,36,2,13.3,36.0,ratio_duration,478.8,37.56896427,127.0020909,을지로_하나은행앞
공휴일,5,1,18,청계3 노상공영주차장(코리아몰 앞),청계3_코리아몰앞,20시,1234,1273,20:34,21:13,1234.0,20:34,1234.0,20:34,1273.0,21:13,39,4,26.7,39.0,ratio_duration,1041.3,37.56896427,127.0020909,청계3_코리아몰앞
공휴일,5,1,19,청계3 노상공영주차장(코리아몰 앞),청계3_코리아몰앞,21시,1280,1302,21:20,21:42,1280.0,21:20,1280.0,21:20,1302.0,21:42,22,2,13.3,22.0,ratio_duration,292.6,37.56896427,127.0020909,청계3_코리아몰앞
공휴일,5,2,1,서소문청사(지상),서소문청사_지상,06시,399,424,06:39,07:04,399.0,06:39,399.0,06:39,424.0,07:04,25,1,6.7,25.0,ratio_duration,167.5,37.56455419,126.9756136,청계3_코리아몰앞
공휴일,5,2,2,훈련원공원 노상공영주차장,훈련원공원,07시,463,485,07:43,08:05,463.0,07:43,463.0,07:43,485.0,08:05,22,3,20.0,22.0,ratio_duration,440.0,37.56692913,127.0043893,서소문청사_지상
공휴일,5,2,3,청계8가 노상공영주차장,청계8가,08시,529,551,08:49,09:11,529.0,08:49,529.0,08:49,551.0,09:11,22,1,6.7,22.0,ratio_duration,147.4,37.56980089,127.0163871,훈련원공원
공휴일,5,2,4,청계8가 노상공영주차장,청계8가,09시,570,578,09:30,09:38,570.0,09:30,570.0,09:30,578.0,09:38,8,1,6.7,8.0,ratio_duration,53.6,37.56980089,127.0163871,청계8가
공휴일,5,2,5,청계3 노상공영주차장(고려상사 앞),청계3_고려상사앞,09시,593,614,09:53,10:14,593.0,09:53,593.0,09:53,614.0,10:14,21,1,6.7,21.0,ratio_duration,140.70000000000002,37.56822248,127.0018662,청계8가
공휴일,5,2,6,을지로 노상공영주차장(신한은행 앞),을지로_신한은행앞,11시,694,721,11:34,12:01,694.0,11:34,694.0,11:34,720.0,12:00,26,4,26.7,26.0,ratio_duration,694.1999999999999,37.56710245,127.0017882,청계3_고려상사앞
공휴일,5,2,7,을지로 노상공영주차장(하나은행 앞),을지로_하나은행앞,12시,762,780,12:42,13:00,762.0,12:42,762.0,12:42,780.0,13:00,18,3,20.0,18.0,ratio_duration,360.0,37.56680167,126.9966063,을지로_신한은행앞
공휴일,5,2,8,청계3 노상공영주차장(코리아몰 앞),청계3_코리아몰앞,13시,790,839,13:10,13:59,790.0,13:10,790.0,13:10,835.0,13:55,45,4,26.7,49.0,ratio_duration,1308.3,37.56896427,127.0020909,을지로_하나은행앞
공휴일,5,2,9,청계3 노상공영주차장(코리아몰 앞),청계3_코리아몰앞,14시,868,898,14:28,14:58,868.0,14:28,868.0,14:28,898.0,14:58,30,9,60.0,30.0,ratio_duration,1800.0,37.56896427,127.0020909,청계3_코리아몰앞
공휴일,5,2,10,청계5 노상공영주차장,청계5,15시,945,952,15:45,15:52,945.0,15:45,945.0,15:45,952.0,15:52,7,3,20.0,7.0,ratio_duration,140.0,37.5681412,127.0024362,청계3_코리아몰앞
공휴일,5,2,11,훈련원공원 노상공영주차장,훈련원공원,16시,985,1039,16:25,17:19,985.0,16:25,985.0,16:25,1030.0,17:10,45,6,40.0,53.0,ratio_duration,2120.0,37.56692913,127.0043893,청계5
공휴일,5,2,12,청계3 노상공영주차장(코리아몰 앞),청계3_코리아몰앞,17시,1045,1103,17:25,18:23,1048.97,17:29,1048.97,17:29,1093.97,18:14,45,6,40.0,57.0,ratio_duration,2280.0,37.56896427,127.0020909,훈련원공원
공휴일,5,2,13,을지로 노상공영주차장(신한은행 앞),을지로_신한은행앞,18시,1095,1136,18:15,18:56,1095.0,18:15,1095.0,18:15,1136.0,18:56,41,1,6.7,41.0,ratio_duration,274.7,37.56710245,127.0017882,청계3_코리아몰앞
공휴일,5,2,14,기업은행 무교지점 앞 가로등형 충전소,기업은행_무교지점,19시,1168,1214,19:28,20:14,1169.0,19:29,1169.0,19:29,1214.0,20:14,45,3,20.0,46.0,ratio_duration,920.0,37.56762877,126.9795662,을지로_신한은행앞
공휴일,5,2,15,청계5 노상공영주차장,청계5,20시,1230,1248,20:30,20:48,1230.0,20:30,1230.0,20:30,1248.0,20:48,18,4,26.7,18.0,ratio_duration,480.59999999999997,37.5681412,127.0024362,기업은행_무교지점
공휴일,5,2,16,훈련원공원 노상공영주차장,훈련원공원,21시,1290,1302,21:30,21:42,1290.0,21:30,1290.0,21:30,1302.0,21:42,12,3,20.0,12.0,ratio_duration,240.0,37.56692913,127.0043893,청계5
공휴일,5,3,1,을지로 노상공영주차장(하나은행 앞),을지로_하나은행앞,06시,397,422,06:37,07:02,397.0,06:37,397.0,06:37,422.0,07:02,25,1,6.7,25.0,ratio_duration,167.5,37.56680167,126.9966063,청계3_코리아몰앞
공휴일,5,3,2,청계3 노상공영주차장(코리아몰 앞),청계3_코리아몰앞,08시,517,548,08:37,09:08,517.0,08:37,517.0,08:37,548.0,09:08,31,3,20.0,31.0,ratio_duration,620.0,37.56896427,127.0020909,을지로_하나은행앞
공휴일,5,3,3,을지로 노상공영주차장(하나은행 앞),을지로_하나은행앞,09시,551,596,09:11,09:56,551.0,09:11,551.0,09:11,596.0,09:56,45,3,20.0,45.0,ratio_duration,900.0,37.56680167,126.9966063,청계3_코리아몰앞
공휴일,5,3,4,청계3 노상공영주차장(코리아몰 앞),청계3_코리아몰앞,10시,630,672,10:30,11:12,630.0,10:30,630.0,10:30,672.0,11:12,42,5,33.3,42.0,ratio_duration,1398.6,37.56896427,127.0020909,을지로_하나은행앞
공휴일,5,3,5,청계5 노상공영주차장,청계5,11시,698,747,11:38,12:27,698.0,11:38,698.0,11:38,743.0,12:23,45,1,6.7,49.0,ratio_duration,328.3,37.5681412,127.0024362,청계3_코리아몰앞
공휴일,5,3,6,훈련원공원 노상공영주차장,훈련원공원,12시,739,822,12:19,13:42,749.48,12:29,749.48,12:29,794.48,13:14,45,4,26.7,82.0,ratio_duration,2189.4,37.56692913,127.0043893,청계5
공휴일,5,3,7,훈련원공원 노상공영주차장,훈련원공원,13시,810,846,13:30,14:06,810.0,13:30,810.0,13:30,846.0,14:06,36,4,26.7,36.0,ratio_duration,961.1999999999999,37.56692913,127.0043893,훈련원공원
공휴일,5,3,8,기업은행 무교지점 앞 가로등형 충전소,기업은행_무교지점,14시,855,905,14:15,15:05,858.83,14:19,858.83,14:19,903.83,15:04,45,4,26.7,50.0,ratio_duration,1335.0,37.56762877,126.9795662,훈련원공원
공휴일,5,3,9,을지로 노상공영주차장(신한은행 앞),을지로_신한은행앞,15시,910,976,15:10,16:16,917.33,15:17,917.33,15:17,962.33,16:02,45,2,13.3,65.0,ratio_duration,864.5,37.56710245,127.0017882,기업은행_무교지점
공휴일,5,3,10,을지로 노상공영주차장(하나은행 앞),을지로_하나은행앞,16시,963,1001,16:03,16:41,963.1,16:03,963.1,16:03,1000.1,16:40,37,2,13.3,37.0,ratio_duration,492.1,37.56680167,126.9966063,을지로_신한은행앞
공휴일,5,3,11,청계3 노상공영주차장(고려상사 앞),청계3_고려상사앞,16시,1005,1072,16:45,17:52,1008.65,16:49,1008.65,16:49,1053.65,17:34,45,1,6.7,67.0,ratio_duration,448.90000000000003,37.56822248,127.0018662,을지로_하나은행앞
공휴일,5,3,12,훈련원공원 노상공영주차장,훈련원공원,17시,1055,1110,17:35,18:30,1057.3,17:37,1057.3,17:37,1102.3,18:22,45,3,20.0,55.0,ratio_duration,1100.0,37.56692913,127.0043893,청계3_고려상사앞
공휴일,5,3,13,청계3 노상공영주차장(코리아몰 앞),청계3_코리아몰앞,18시,1105,1134,18:25,18:54,1105.0,18:25,1105.0,18:25,1134.0,18:54,29,3,20.0,29.0,ratio_duration,580.0,37.56896427,127.0020909,훈련원공원
공휴일,5,3,14,을지로 노상공영주차장(하나은행 앞),을지로_하나은행앞,19시,1170,1200,19:30,20:00,1170.0,19:30,1170.0,19:30,1200.0,20:00,30,1,6.7,30.0,ratio_duration,201.0,37.56680167,126.9966063,청계3_코리아몰앞
공휴일,5,3,15,청계3 노상공영주차장(고려상사 앞),청계3_고려상사앞,20시,1210,1249,20:10,20:49,1210.0,20:10,1210.0,20:10,1249.0,20:49,39,2,13.3,39.0,ratio_duration,518.7,37.56822248,127.0018662,을지로_하나은행앞
공휴일,5,3,16,훈련원공원 노상공영주차장,훈련원공원,20시,1213,1317,20:13,21:57,1272.0,21:12,1272.0,21:12,1317.0,21:57,45,4,26.7,104.0,ratio_duration,2776.7999999999997,37.56692913,127.0043893,청계3_고려상사앞
공휴일,5,4,1,청계5 노상공영주차장,청계5,06시,384,397,06:24,06:37,384.0,06:24,384.0,06:24,397.0,06:37,13,1,6.7,13.0,ratio_duration,87.10000000000001,37.5681412,127.0024362,청계3_코리아몰앞
공휴일,5,4,2,훈련원공원 노상공영주차장,훈련원공원,06시,415,442,06:55,07:22,415.0,06:55,415.0,06:55,442.0,07:22,27,1,6.7,27.0,ratio_duration,180.9,37.56692913,127.0043893,청계5
공휴일,5,4,3,청계8가 노상공영주차장,청계8가,07시,475,505,07:55,08:25,475.0,07:55,475.0,07:55,505.0,08:25,30,1,6.7,30.0,ratio_duration,201.0,37.56980089,127.0163871,훈련원공원
공휴일,5,4,4,을지로 노상공영주차장(신한은행 앞),을지로_신한은행앞,08시,510,564,08:30,09:24,515.7,08:36,515.7,08:36,560.7,09:21,45,1,6.7,54.0,ratio_duration,361.8,37.56710245,127.0017882,청계8가
공휴일,5,4,5,청계3 노상공영주차장(코리아몰 앞),청계3_코리아몰앞,09시,565,600,09:25,10:00,565.0,09:25,565.0,09:25,600.0,10:00,35,2,13.3,35.0,ratio_duration,465.5,37.56896427,127.0020909,을지로_신한은행앞
공휴일,5,4,6,을지로 노상공영주차장(하나은행 앞),을지로_하나은행앞,10시,609,646,10:09,10:46,609.0,10:09,609.0,10:09,646.0,10:46,37,3,20.0,37.0,ratio_duration,740.0,37.56680167,126.9966063,청계3_코리아몰앞
공휴일,5,4,7,훈련원공원 노상공영주차장,훈련원공원,11시,671,743,11:11,12:23,671.0,11:11,671.0,11:11,716.0,11:56,45,4,26.7,72.0,ratio_duration,1922.3999999999999,37.56692913,127.0043893,을지로_하나은행앞
공휴일,5,4,8,청계8가 노상공영주차장,청계8가,12시,735,792,12:15,13:12,735.0,12:15,735.0,12:15,780.0,13:00,45,1,6.7,57.0,ratio_duration,381.90000000000003,37.56980089,127.0163871,훈련원공원
공휴일,5,4,9,을지로 노상공영주차장(신한은행 앞),을지로_신한은행앞,13시,809,826,13:29,13:46,809.0,13:29,809.0,13:29,826.0,13:46,17,4,26.7,17.0,ratio_duration,453.9,37.56710245,127.0017882,청계8가
공휴일,5,4,10,을지로 노상공영주차장(하나은행 앞),을지로_하나은행앞,13시,821,874,13:41,14:34,826.77,13:47,826.77,13:47,871.77,14:32,45,7,46.7,53.0,ratio_duration,2475.1000000000004,37.56680167,126.9966063,을지로_신한은행앞
공휴일,5,4,11,훈련원공원 노상공영주차장,훈련원공원,14시,891,924,14:51,15:24,891.0,14:51,891.0,14:51,924.0,15:24,33,1,6.7,33.0,ratio_duration,221.1,37.56692913,127.0043893,을지로_하나은행앞
공휴일,5,4,12,훈련원공원 노상공영주차장,훈련원공원,15시,926,956,15:26,15:56,926.0,15:26,926.0,15:26,956.0,15:56,30,6,40.0,30.0,ratio_duration,1200.0,37.56692913,127.0043893,훈련원공원
공휴일,5,4,13,청계8가 노상공영주차장,청계8가,16시,968,991,16:08,16:31,968.0,16:08,968.0,16:08,991.0,16:31,23,3,20.0,23.0,ratio_duration,460.0,37.56980089,127.0163871,훈련원공원
공휴일,5,4,14,기업은행 무교지점 앞 가로등형 충전소,기업은행_무교지점,16시,1018,1061,16:58,17:41,1018.0,16:58,1018.0,16:58,1061.0,17:41,43,1,6.7,43.0,ratio_duration,288.1,37.56762877,126.9795662,청계8가
공휴일,5,4,15,기업은행 무교지점 앞 가로등형 충전소,기업은행_무교지점,17시,1064,1144,17:44,19:04,1088.08,18:08,1088.08,18:08,1133.08,18:53,45,2,13.3,80.0,ratio_duration,1064.0,37.56762877,126.9795662,기업은행_무교지점
공휴일,5,4,16,기업은행 무교지점 앞 가로등형 충전소,기업은행_무교지점,18시,1133,1289,18:53,21:29,1156.0,19:16,1156.0,19:16,1201.0,20:01,45,1,6.7,156.0,ratio_duration,1045.2,37.56762877,126.9795662,기업은행_무교지점
공휴일,5,4,17,기업은행 무교지점 앞 가로등형 충전소,기업은행_무교지점,20시,1201,1221,20:01,20:21,1201.0,20:01,1201.0,20:01,1221.0,20:21,20,1,6.7,20.0,ratio_duration,134.0,37.56762877,126.9795662,기업은행_무교지점
공휴일,5,4,18,을지로 노상공영주차장(신한은행 앞),을지로_신한은행앞,20시,1233,1265,20:33,21:05,1233.0,20:33,1233.0,20:33,1265.0,21:05,32,1,6.7,32.0,ratio_duration,214.4,37.56710245,127.0017882,기업은행_무교지점
공휴일,5,5,1,청계3 노상공영주차장(고려상사 앞),청계3_고려상사앞,07시,434,468,07:14,07:48,434.0,07:14,434.0,07:14,468.0,07:48,34,1,6.7,34.0,ratio_duration,227.8,37.56822248,127.0018662,청계3_코리아몰앞
공휴일,5,5,2,훈련원공원 노상공영주차장,훈련원공원,08시,521,561,08:41,09:21,521.0,08:41,521.0,08:41,560.0,09:20,39,4,26.7,39.0,ratio_duration,1041.3,37.56692913,127.0043893,청계3_고려상사앞
공휴일,5,5,3,훈련원공원 노상공영주차장,훈련원공원,09시,563,621,09:23,10:21,573.48,09:33,573.48,09:33,618.48,10:18,45,4,26.7,58.0,ratio_duration,1548.6,37.56692913,127.0043893,훈련원공원
공휴일,5,5,4,기업은행 무교지점 앞 가로등형 충전소,기업은행_무교지점,10시,625,694,10:25,11:34,634.28,10:34,634.28,10:34,679.28,11:19,45,2,13.3,69.0,ratio_duration,917.7,37.56762877,126.9795662,훈련원공원
공휴일,5,5,5,청계3 노상공영주차장(코리아몰 앞),청계3_코리아몰앞,11시,706,743,11:46,12:23,706.0,11:46,706.0,11:46,743.0,12:23,37,4,26.7,37.0,ratio_duration,987.9,37.56896427,127.0020909,기업은행_무교지점
공휴일,5,5,6,청계3 노상공영주차장(코리아몰 앞),청계3_코리아몰앞,12시,734,802,12:14,13:22,743.0,12:23,743.0,12:23,788.0,13:08,45,7,46.7,68.0,ratio_duration,3175.6000000000004,37.56896427,127.0020909,청계3_코리아몰앞
공휴일,5,5,7,청계3 노상공영주차장(고려상사 앞),청계3_고려상사앞,13시,806,840,13:26,14:00,806.0,13:26,806.0,13:26,840.0,14:00,34,2,13.3,34.0,ratio_duration,452.20000000000005,37.56822248,127.0018662,청계3_코리아몰앞
공휴일,5,5,8,을지로 노상공영주차장(하나은행 앞),을지로_하나은행앞,14시,859,904,14:19,15:04,859.0,14:19,859.0,14:19,904.0,15:04,45,5,33.3,45.0,ratio_duration,1498.4999999999998,37.56680167,126.9966063,청계3_고려상사앞
공휴일,5,5,9,청계3 노상공영주차장(코리아몰 앞),청계3_코리아몰앞,15시,944,968,15:44,16:08,944.0,15:44,944.0,15:44,968.0,16:08,24,7,46.7,24.0,ratio_duration,1120.8000000000002,37.56896427,127.0020909,을지로_하나은행앞
공휴일,5,5,10,청계3 노상공영주차장(코리아몰 앞),청계3_코리아몰앞,16시,971,1015,16:11,16:55,971.97,16:12,971.97,16:12,1014.97,16:55,43,4,26.7,43.0,ratio_duration,1148.1,37.56896427,127.0020909,청계3_코리아몰앞
공휴일,5,5,11,을지로 노상공영주차장(신한은행 앞),을지로_신한은행앞,16시,1016,1058,16:56,17:38,1016.0,16:56,1016.0,16:56,1058.0,17:38,42,1,6.7,42.0,ratio_duration,281.40000000000003,37.56710245,127.0017882,청계3_코리아몰앞
공휴일,5,5,12,청계3 노상공영주차장(고려상사 앞),청계3_고려상사앞,17시,1065,1109,17:45,18:29,1065.0,17:45,1065.0,17:45,1109.0,18:29,44,1,6.7,44.0,ratio_duration,294.8,37.56822248,127.0018662,을지로_신한은행앞
공휴일,5,5,13,훈련원공원 노상공영주차장,훈련원공원,18시,1112,1164,18:32,19:24,1112.65,18:33,1112.65,18:33,1157.65,19:18,45,4,26.7,52.0,ratio_duration,1388.3999999999999,37.56692913,127.0043893,청계3_고려상사앞
공휴일,5,5,14,을지로 노상공영주차장(신한은행 앞),을지로_신한은행앞,19시,1160,1202,19:20,20:02,1160.0,19:20,1160.0,19:20,1202.0,20:02,42,1,6.7,42.0,ratio_duration,281.40000000000003,37.56710245,127.0017882,훈련원공원
공휴일,5,5,15,을지로 노상공영주차장(하나은행 앞),을지로_하나은행앞,20시,1225,1264,20:25,21:04,1225.0,20:25,1225.0,20:25,1264.0,21:04,39,1,6.7,39.0,ratio_duration,261.3,37.56680167,126.9966063,을지로_신한은행앞
